longitude,latitude,altitude,type_habitat
1.195211533,-2.184525374,19,grand
-1.352191475,-2.180299418,0,petit
1.142500061,-2.162207528,19,grand
-1.660502183,-2.153251237,0,petit
-1.899432126,-2.1242585,0,petit
-0.295780148,-2.082899075,0,petit
-1.560363024,-2.078483311,0,petit
1.761092111,-2.072586618,26,grand
-1.417996352,-2.067783826,0,petit
-0.091115945,-2.067669367,0,petit
-1.06142099,-2.058083037,0,petit
1.858120135,-2.057218932,23,grand
1.259643817,-2.056219641,22,grand
2.031345721,-2.053241477,17,grand
-0.820216874,-2.053063952,0,petit
0.233078715,-2.051298257,0,petit
0.6071646,-2.049511981,21,petit
0.849287831,-2.04844998,11,petit
1.077911656,-2.047305516,21,grand
-1.259554324,-2.046865156,0,petit
-0.089490481,-2.043864058,0,petit
-1.073968341,-2.042661441,0,petit
0.35509718,-2.04215478,0,petit
-0.367375539,-2.037997672,0,petit
1.71261289,-2.033374536,27,grand
-0.700175194,-2.030809173,0,petit
-1.676055155,-2.029831642,0,petit
-1.352740198,-2.028127131,0,petit
0.706489738,-2.027160945,25,petit
-0.123150153,-2.02162719,0,petit
-1.829309004,-2.019887977,0,petit
0.904637798,-2.016520801,23,petit
-1.635429889,-2.016072144,0,petit
1.588003581,-2.012940231,22,grand
-0.419518325,-2.011304689,0,petit
-2.039872954,-2.005765098,0,petit
1.716679292,-2.005579546,18,grand
0.57457549,-2.001535236,29,petit
-0.911619472,-2.001533986,0,petit
1.323335993,-2.001311514,8,grand
-1.467248596,-1.998765819,0,petit
0.83467394,-1.998161095,22,petit
0.498737159,-1.994860348,0,petit
0.879020369,-1.994207838,16,petit
-1.468532885,-1.991097774,0,petit
0.754243978,-1.989543776,29,petit
-0.071848006,-1.987465262,0,petit
0.696039472,-1.986655252,23,petit
-0.532035544,-1.985998491,0,petit
0.59308453,-1.985207673,19,petit
1.981254425,-1.981545352,16,grand
0.357840398,-1.981062777,0,petit
0.433923248,-1.979994048,0,petit
0.748998302,-1.979481354,23,petit
-1.156890389,-1.978548291,0,petit
1.606691921,-1.978489731,29,grand
-1.798992956,-1.978351512,0,petit
-1.697277497,-1.978341853,0,petit
2.030336643,-1.977995516,16,grand
-1.330153058,-1.977022122,0,petit
1.234959951,-1.976416533,21,grand
0.904610073,-1.976414495,8,petit
-0.122726363,-1.975073558,0,petit
1.334645732,-1.974972748,29,grand
-0.308139126,-1.974200438,0,petit
0.700048433,-1.9724364,15,petit
0.051498381,-1.97200114,0,petit
1.20591148,-1.969184939,17,grand
-0.857537348,-1.969073497,0,petit
0.836099556,-1.967573067,16,petit
1.271616783,-1.966559615,22,grand
1.694314377,-1.966446265,30,grand
1.498462204,-1.963761526,24,grand
-0.004107044,-1.963361447,0,petit
2.017377953,-1.96263657,17,grand
1.535658712,-1.962418422,17,grand
0.792323686,-1.962161949,23,petit
-1.988310627,-1.961676119,0,petit
0.674760725,-1.960225425,8,petit
-0.858166611,-1.957577233,0,petit
1.04935935,-1.957367137,13,grand
-0.089827292,-1.956644264,0,petit
-0.734211969,-1.956185738,0,petit
0.400967783,-1.953083717,0,petit
-1.169438082,-1.952838073,0,petit
-0.100026504,-1.952420173,0,petit
-1.32376674,-1.952189943,0,petit
-0.132826046,-1.949080654,0,petit
-0.389521507,-1.949048174,0,petit
-0.243399923,-1.948517043,0,petit
-1.372330401,-1.948466641,0,petit
0.903898136,-1.945598939,28,grand
-1.005550647,-1.944511078,0,petit
-1.832825055,-1.944362917,0,petit
1.14303217,-1.942535224,26,grand
-0.060549422,-1.941450227,0,petit
-0.457581045,-1.940162556,0,petit
-1.801137571,-1.940117941,0,petit
-1.893810144,-1.935434526,0,petit
-0.299903854,-1.935387322,0,petit
-1.165062959,-1.935196236,0,petit
1.3092563,-1.934097381,11,grand
-0.305243388,-1.933711724,0,petit
0.502754526,-1.933251629,22,petit
0.856147764,-1.932725423,24,petit
1.080571259,-1.932562752,13,grand
1.625184129,-1.931841108,30,grand
-2.082634111,-1.931832031,0,petit
1.542449434,-1.931636388,25,grand
-1.714973366,-1.929319617,0,petit
0.728925737,-1.92859913,17,petit
-0.706122236,-1.926510053,0,petit
0.498491127,-1.925251561,0,petit
-1.518643651,-1.924779792,0,petit
0.304734596,-1.920902577,0,petit
-1.925757496,-1.92009647,0,petit
-0.132567887,-1.919581577,0,petit
0.460632315,-1.91689469,0,petit
-0.5139101,-1.916573068,0,petit
0.250387694,-1.915590105,0,petit
-1.462678462,-1.915546358,0,petit
1.140388394,-1.912144329,9,grand
0.013979734,-1.911138056,0,petit
0.135500747,-1.910440825,0,petit
-1.98224783,-1.90945112,0,petit
-0.922830586,-1.909108038,0,petit
-0.924932723,-1.908473702,0,petit
1.421338369,-1.907499548,28,grand
-1.48638578,-1.90745131,0,petit
0.467799502,-1.907156569,0,petit
0.956339177,-1.907128027,24,grand
-0.034512595,-1.906774069,0,petit
0.402092157,-1.904995259,0,petit
-0.113956426,-1.904625646,0,petit
1.759857428,-1.903644036,23,grand
0.483885991,-1.902800838,0,petit
1.298077613,-1.901093954,24,grand
1.659644715,-1.900593293,8,grand
-0.813131523,-1.900168745,0,petit
-1.923813925,-1.900116327,0,petit
0.627150585,-1.899385285,19,petit
-0.427065171,-1.898856022,0,petit
0.483155086,-1.898281035,0,petit
2.133406514,-1.897855773,17,grand
-0.398395506,-1.897591173,0,petit
2.123013486,-1.896860712,14,grand
-1.225804558,-1.896631126,0,petit
0.873465683,-1.896343962,9,petit
1.953030378,-1.896281012,18,grand
1.691031093,-1.895754597,14,grand
1.249414003,-1.895194656,27,grand
-1.827327678,-1.895173247,0,petit
-0.128489336,-1.895164831,0,petit
-0.184980033,-1.89469342,0,petit
-1.927998734,-1.893673719,0,petit
-1.370562343,-1.891256784,0,petit
1.032324431,-1.890915405,15,grand
-0.726018681,-1.890042768,0,petit
0.336679888,-1.890026843,0,petit
0.377806587,-1.887433229,0,petit
1.614005355,-1.887367055,18,grand
-0.611956355,-1.886843636,0,petit
0.674982224,-1.886053978,10,petit
-0.436080096,-1.885686753,0,petit
-1.074968157,-1.88450196,0,petit
1.569735486,-1.884172491,15,grand
-0.348803912,-1.883100548,0,petit
0.918365687,-1.881279888,16,petit
-1.86478774,-1.88040576,0,petit
0.181487196,-1.880081918,0,petit
0.521501199,-1.879291207,18,petit
1.955944431,-1.878698754,15,grand
0.581446725,-1.878450408,24,petit
0.361208641,-1.87820212,0,petit
-1.47632206,-1.878178713,0,petit
-1.470307907,-1.877856863,0,petit
0.894872068,-1.877055593,8,grand
0.106839689,-1.875953089,0,petit
0.319648007,-1.874924719,0,petit
0.320009828,-1.874535605,0,petit
0.288693744,-1.874260849,0,petit
1.134975403,-1.874257538,24,grand
1.26112858,-1.874189384,9,grand
0.380345162,-1.873813561,0,petit
-1.131752178,-1.87214899,0,petit
1.548583148,-1.871723812,14,grand
-0.770195853,-1.869811751,0,petit
-2.098728352,-1.868967115,0,petit
0.618433184,-1.868753118,23,petit
1.00892585,-1.86868514,17,grand
-0.260123127,-1.868347075,0,petit
-1.817653998,-1.867249741,0,petit
1.843062735,-1.866317526,21,grand
-0.343626528,-1.863379361,0,petit
-1.502393021,-1.862975984,0,petit
-1.460703846,-1.862758063,0,petit
1.337977247,-1.862375991,17,grand
-1.134390395,-1.862288664,0,petit
0.59992285,-1.862047531,21,petit
-0.383665172,-1.860782924,0,petit
-0.620044025,-1.860208058,0,petit
1.551192001,-1.8578808,26,grand
0.277278558,-1.857435934,0,petit
1.308304464,-1.856652057,28,grand
2.252092834,-1.855833283,17,grand
-1.241491193,-1.854166488,0,petit
1.104255707,-1.853656321,18,grand
-1.298818546,-1.853576128,0,petit
-1.960806967,-1.852040025,0,petit
-1.344289996,-1.85191745,0,petit
0.375176111,-1.85179319,0,petit
1.602266322,-1.85164544,18,grand
1.053111911,-1.85004165,11,grand
-0.294650597,-1.849061651,0,petit
-1.399077742,-1.848661141,0,petit
0.856236306,-1.848278211,9,petit
-0.803402547,-1.848269543,0,petit
1.392662417,-1.847502563,20,grand
1.077646534,-1.847386439,20,grand
1.6744237,-1.846921157,11,grand
-0.567410713,-1.84542573,0,petit
1.17284354,-1.84527657,22,grand
-1.888363761,-1.845160506,0,petit
-1.546008138,-1.843913386,0,petit
-1.656728622,-1.843402281,0,petit
-0.439769551,-1.841960264,0,petit
1.787131926,-1.841886015,19,grand
1.117082882,-1.840313723,8,grand
-1.906653337,-1.839093945,0,petit
-0.324471575,-1.838917834,0,petit
0.208288488,-1.838475723,0,petit
-0.848270629,-1.836984842,0,petit
-1.165780375,-1.835390495,0,petit
0.646903494,-1.835230208,14,petit
1.253340632,-1.834873908,23,grand
-1.17841899,-1.833346378,0,petit
1.332845149,-1.833271934,20,grand
-1.839049104,-1.832505121,0,petit
1.376718519,-1.831878128,22,grand
-1.014021761,-1.83099631,0,petit
-1.39623516,-1.830665393,0,petit
1.029172629,-1.830394364,18,petit
-0.684125127,-1.830222417,0,petit
0.661242853,-1.830122125,10,petit
-0.082582439,-1.830016265,0,petit
-1.519503995,-1.828114876,0,petit
-0.461976416,-1.826056576,0,petit
-1.899544277,-1.825343589,0,petit
1.169901676,-1.825306227,14,grand
1.187300765,-1.824773172,27,grand
-0.468758332,-1.823025209,0,petit
0.499992803,-1.820134508,28,petit
-1.629338138,-1.819993209,0,petit
-0.370109117,-1.819955652,0,petit
-1.267248481,-1.819749238,0,petit
1.256851543,-1.816239342,14,grand
-0.140461591,-1.816221962,0,petit
1.133428667,-1.816106517,30,grand
1.769146072,-1.815685116,9,grand
0.414254197,-1.815182927,0,petit
-1.872528334,-1.81511372,0,petit
-0.231448449,-1.813644768,0,petit
0.444654838,-1.813468303,0,petit
0.244537794,-1.812759184,0,petit
-0.463525325,-1.812024069,0,petit
0.743644664,-1.811953736,30,petit
1.705012703,-1.811881794,27,grand
0.190019264,-1.811326823,0,petit
1.213253734,-1.811140414,28,grand
1.513083384,-1.810361441,24,grand
0.395951229,-1.809979831,0,petit
-1.313300585,-1.809965333,0,petit
0.137916614,-1.806791574,0,petit
-1.362019108,-1.806780776,0,petit
-1.540499135,-1.806682125,0,petit
-1.772593407,-1.80653812,0,petit
-0.599378208,-1.805741349,0,petit
0.774208833,-1.804967367,13,petit
0.094313711,-1.80480605,0,petit
-0.638966715,-1.804545365,0,petit
-1.646501926,-1.80252635,0,petit
-0.508680458,-1.802494546,0,petit
1.391614332,-1.802472324,18,grand
1.755760377,-1.802059451,15,grand
1.799356545,-1.801490493,15,grand
-0.104119848,-1.801152235,0,petit
-0.373143645,-1.800412096,0,petit
0.189041875,-1.800088528,0,petit
0.499713809,-1.799676285,29,petit
0.203103663,-1.799517393,0,petit
-0.507830762,-1.799141465,0,petit
-0.16331416,-1.798851057,0,petit
-1.390036424,-1.798464971,0,petit
-1.582569153,-1.79620798,0,petit
-1.556420771,-1.795621408,0,petit
1.435800293,-1.79399635,26,grand
-0.180335411,-1.792240483,0,petit
-1.381478616,-1.791957812,0,petit
-1.800429682,-1.791302542,0,petit
-1.992010136,-1.790919238,0,petit
-0.332863969,-1.790536938,0,petit
0.451576453,-1.789481476,0,petit
0.082546138,-1.788803349,0,petit
1.806112237,-1.788759204,14,grand
-1.046208709,-1.787342317,0,petit
0.020444069,-1.787178569,0,petit
1.663082451,-1.787150265,22,grand
-1.685487111,-1.786829749,0,petit
0.250959997,-1.78665834,0,petit
-0.478308207,-1.786644279,0,petit
-1.101010951,-1.785080346,0,petit
-1.460451432,-1.784219594,0,petit
0.395618545,-1.782278831,0,petit
-0.40401585,-1.781908667,0,petit
-0.223227659,-1.781109049,0,petit
1.52819507,-1.780678713,16,grand
-1.705955093,-1.78050765,0,petit
-1.380519544,-1.779524913,0,petit
-0.357149037,-1.778766554,0,petit
-1.07604383,-1.777775769,0,petit
0.538686415,-1.777763279,22,petit
-0.176256352,-1.776814419,0,petit
-1.07088481,-1.775645664,0,petit
0.599994646,-1.775228023,15,petit
0.968628773,-1.775195308,22,petit
-0.831498072,-1.774990202,0,petit
-1.112960258,-1.774832746,0,petit
-0.079027264,-1.774716609,0,petit
0.731174135,-1.774372101,22,petit
-1.266858725,-1.77326797,0,petit
1.634250884,-1.772821988,19,grand
0.602612406,-1.772459662,20,petit
-1.285642543,-1.771119412,0,petit
-1.88602326,-1.770121995,0,petit
1.725908824,-1.769990242,18,grand
-1.423919698,-1.769730687,0,petit
-0.900853609,-1.769631197,0,petit
-1.293158864,-1.768684322,0,petit
-1.221462767,-1.766810571,0,petit
-0.744124124,-1.766120503,0,petit
0.812692283,-1.765265357,20,petit
-0.472825346,-1.764635167,0,petit
-1.330041009,-1.763209918,0,petit
-1.288097604,-1.760893972,0,petit
-1.896603622,-1.76072492,0,petit
1.300212345,-1.759146297,12,grand
-0.014068529,-1.758654058,0,petit
-1.576674149,-1.758072158,0,petit
-0.613112148,-1.75737079,0,petit
-0.879534722,-1.753899798,0,petit
1.816004972,-1.753100229,19,grand
0.984143784,-1.7510415,29,grand
0.684963478,-1.751034938,24,petit
-0.038564687,-1.751014684,0,petit
-0.429443906,-1.750591951,0,petit
1.660290511,-1.75048534,20,grand
1.690980717,-1.750451871,10,grand
0.502110685,-1.74957846,11,petit
-0.321068814,-1.749376624,0,petit
1.429114481,-1.749121563,27,grand
1.754521955,-1.749103633,23,grand
1.688867157,-1.746536551,8,grand
-1.712916229,-1.744341038,0,petit
-1.643768655,-1.744185313,0,petit
-1.496426107,-1.743807956,0,petit
-0.237502865,-1.743108708,0,petit
-0.256057465,-1.742153904,0,petit
0.462125418,-1.740747525,0,petit
0.736231897,-1.740321656,15,petit
0.701800681,-1.740142577,14,petit
0.877887325,-1.738221604,21,petit
0.331212067,-1.737318107,0,petit
0.809263495,-1.737269516,28,petit
-1.717862647,-1.737020244,0,petit
-1.338670603,-1.736169754,0,petit
-1.518344131,-1.734905007,0,petit
1.65143783,-1.734830631,22,grand
-0.4162132,-1.732242122,0,petit
0.766551813,-1.732051597,26,petit
-0.792888009,-1.730850665,0,petit
-1.71939036,-1.730143892,0,petit
-1.315711284,-1.729914441,0,petit
-0.002736668,-1.72946459,0,petit
-0.337588977,-1.729334413,0,petit
1.755467982,-1.729049254,11,grand
0.387698865,-1.728816907,0,petit
-2.058338644,-1.728113272,0,petit
0.45042711,-1.728051431,0,petit
0.838739997,-1.725929673,8,petit
-0.671242958,-1.724721486,0,petit
1.85818269,-1.723537488,26,grand
-1.268591026,-1.723301258,0,petit
0.418579351,-1.723156377,0,petit
-1.702812331,-1.722877267,0,petit
0.337985498,-1.722141596,0,petit
1.626876509,-1.721509384,28,grand
0.607082415,-1.7203412,28,petit
0.539200951,-1.72003583,27,petit
1.466186577,-1.718755037,16,grand
1.569615352,-1.718358815,27,grand
0.802156551,-1.718205254,23,petit
-1.252924831,-1.718057378,0,petit
-0.068376499,-1.717651031,0,petit
-0.080431288,-1.716875974,0,petit
-0.056568869,-1.716855657,0,petit
-0.630868655,-1.716158631,0,petit
0.290859608,-1.715311558,0,petit
-1.510268396,-1.7146445,0,petit
0.384448462,-1.71285482,0,petit
-1.224772563,-1.712175267,0,petit
1.320698326,-1.71131096,21,grand
-1.219508538,-1.709819083,0,petit
-0.657910656,-1.708976932,0,petit
2.050595598,-1.707189443,10,grand
-1.144903185,-1.707187402,0,petit
-0.544751071,-1.707002959,0,petit
-1.400689131,-1.706883247,0,petit
0.193505494,-1.706405698,0,petit
-0.918971505,-1.705926073,0,petit
0.762336747,-1.705416693,28,petit
0.138827919,-1.705183079,0,petit
-1.680633565,-1.703687671,0,petit
-1.482987448,-1.702436799,0,petit
0.808184885,-1.702108918,17,petit
-1.512929595,-1.70092846,0,petit
-0.42743693,-1.699753848,0,petit
1.165845363,-1.698938589,25,grand
0.627272179,-1.698651412,20,petit
0.971214779,-1.69838723,29,grand
0.398458331,-1.69759287,0,petit
1.021760336,-1.697201773,18,grand
0.919990722,-1.696899293,9,petit
-1.40374245,-1.696641947,0,petit
-1.056623488,-1.696376956,0,petit
-0.619839146,-1.696279855,0,petit
1.325199151,-1.69569748,24,grand
1.794854912,-1.69514999,15,grand
0.975447031,-1.695065473,16,petit
1.245407926,-1.69487049,17,grand
-0.465817153,-1.694788456,0,petit
1.76619146,-1.69477276,9,grand
-1.794806911,-1.69422932,0,petit
0.26365447,-1.693381622,0,petit
-1.825219019,-1.693088192,0,petit
-0.113757169,-1.692752094,0,petit
-0.348121065,-1.692184258,0,petit
-0.612930684,-1.690762294,0,petit
-1.450606053,-1.69050181,0,petit
-1.361516269,-1.688957848,0,petit
1.648954138,-1.68705873,14,grand
1.47050799,-1.686267407,9,grand
0.159356731,-1.685993852,0,petit
-0.545902369,-1.684901811,0,petit
-1.084860298,-1.684883503,0,petit
0.980423166,-1.6848384,11,grand
0.645021738,-1.68356607,11,petit
1.376879488,-1.683147022,16,grand
-1.058534574,-1.683113267,0,petit
0.475453252,-1.682750019,0,petit
0.169527936,-1.682590671,0,petit
0.436169147,-1.682347029,0,petit
1.508951229,-1.681302058,11,grand
0.016047225,-1.6803194,0,petit
-1.397069371,-1.677106183,0,petit
-0.514215998,-1.674580176,0,petit
-0.354081191,-1.674338581,0,petit
-0.955818148,-1.673810189,0,petit
0.240338261,-1.673341099,0,petit
-1.482112674,-1.671534429,0,petit
-0.557918972,-1.671496336,0,petit
-0.961454157,-1.671315339,0,petit
0.799991838,-1.671063678,21,petit
1.726002891,-1.670981853,12,grand
-1.095434746,-1.670664848,0,petit
-1.572367071,-1.669566362,0,petit
0.089575256,-1.668608883,0,petit
0.740764195,-1.664174713,23,petit
-0.131180859,-1.663416236,0,petit
-1.244654329,-1.663293789,0,petit
-0.659408722,-1.663046494,0,petit
-0.34760909,-1.661401826,0,petit
1.002845198,-1.661043847,24,petit
0.219977628,-1.659373311,0,petit
-1.830092127,-1.658818737,0,petit
-0.743754409,-1.658307701,0,petit
0.994673727,-1.656802247,11,petit
-0.546132547,-1.656093343,0,petit
-0.048230181,-1.655955951,0,petit
-0.347490789,-1.655765442,0,petit
-1.772000542,-1.655718849,0,petit
1.15601038,-1.653687639,11,grand
-1.337018218,-1.652864041,0,petit
0.78014438,-1.651947968,21,petit
-1.794043134,-1.651303227,0,petit
-1.232045313,-1.650508301,0,petit
-0.053708835,-1.648659455,0,petit
1.416121996,-1.647938948,8,grand
-1.251361709,-1.647914131,0,petit
0.197518437,-1.647753863,0,petit
0.322189722,-1.645708003,0,petit
0.165633662,-1.644638246,0,petit
2.026887722,-1.644291438,28,grand
-1.043225722,-1.644054019,0,petit
-1.236729222,-1.643553932,0,petit
0.017584881,-1.643435952,0,petit
-1.434820475,-1.642447038,0,petit
1.772194082,-1.641934064,26,grand
-0.795772483,-1.641292686,0,petit
0.424415531,-1.64070402,0,petit
0.740886546,-1.640312112,28,petit
-0.929381009,-1.639644702,0,petit
1.48263174,-1.63870214,17,grand
1.59796885,-1.637409567,10,grand
-1.701900016,-1.636946418,0,petit
0.30251912,-1.635269253,0,petit
-1.743284531,-1.634519686,0,petit
1.808033673,-1.633333343,20,grand
-0.981430221,-1.633304467,0,petit
-0.384595803,-1.632720726,0,petit
0.290666693,-1.632229813,0,petit
-1.82976157,-1.632076312,0,petit
-0.926156485,-1.629656293,0,petit
0.326885437,-1.629370537,0,petit
-0.166187984,-1.628461483,0,petit
-0.840645879,-1.627531594,0,petit
-1.802741815,-1.624058174,0,petit
1.20862961,-1.623291826,9,grand
-0.851487116,-1.623022814,0,petit
1.661039841,-1.621254242,21,grand
1.595508047,-1.620312273,18,grand
0.991952327,-1.619728822,11,grand
-1.83941241,-1.618717393,0,petit
-0.121651463,-1.618454337,0,petit
1.095578693,-1.616779332,12,petit
-1.574325773,-1.616761332,0,petit
-0.387852794,-1.61633203,0,petit
1.94923267,-1.616211838,8,grand
0.694744562,-1.615722772,23,petit
1.142444549,-1.61482035,22,grand
0.79616418,-1.614379586,21,petit
0.39892122,-1.613383407,0,petit
-0.441630532,-1.613200362,0,petit
1.016347987,-1.611570511,24,grand
0.085602373,-1.611321835,0,petit
1.712413263,-1.611272573,27,grand
0.519985395,-1.610484823,12,petit
0.708034976,-1.609611389,20,petit
-0.345191987,-1.609584845,0,petit
-1.551537687,-1.609363523,0,petit
0.569203471,-1.609092355,26,petit
-0.732471964,-1.609091749,0,petit
2.001432445,-1.608869641,27,grand
-0.282099459,-1.608302825,0,petit
1.563644043,-1.605263152,19,grand
1.699945455,-1.604768801,16,grand
-0.132642415,-1.604752518,0,petit
-0.318699015,-1.604571695,0,petit
0.221043172,-1.6038234,0,petit
-0.025490049,-1.603116584,0,petit
2.000553625,-1.602671651,25,grand
1.73966137,-1.602463705,25,grand
-1.639539413,-1.601616821,0,petit
-0.059742006,-1.600758627,0,petit
-0.353208826,-1.600265007,0,petit
1.289540616,-1.599731847,22,grand
-0.221999184,-1.599374147,0,petit
-0.253260009,-1.598667378,0,petit
-1.037448738,-1.598318688,0,petit
-0.668944926,-1.598185771,0,petit
-0.010716212,-1.5981563,0,petit
-1.171161594,-1.598056943,0,petit
0.65021924,-1.597503694,25,petit
0.077315723,-1.596887665,0,petit
1.300358365,-1.594991015,9,grand
1.021774941,-1.594120679,21,grand
0.155393896,-1.593795476,0,petit
-1.500139492,-1.592249314,0,petit
-1.31668591,-1.590880264,0,petit
-0.774692156,-1.590203747,0,petit
0.239943731,-1.5901386,0,petit
-0.811638269,-1.589994665,0,petit
1.806331367,-1.588687055,19,grand
-0.116427105,-1.587693584,0,petit
0.874170272,-1.587652352,25,grand
-0.909800443,-1.587232758,0,petit
-0.322297117,-1.587114674,0,petit
0.101584952,-1.586603387,0,petit
1.889207665,-1.586222677,20,grand
0.950477945,-1.585926519,27,petit
1.57594392,-1.585011489,19,grand
-1.452164152,-1.58482297,0,petit
0.536982378,-1.583664522,22,petit
0.825773412,-1.583618786,11,petit
1.660687411,-1.582692674,28,grand
1.377720948,-1.582168461,23,grand
0.072963227,-1.58206738,0,petit
-0.925526539,-1.5818547,0,petit
-0.921488289,-1.580846873,0,petit
0.526980956,-1.580739947,18,petit
1.787759067,-1.580661582,29,grand
-1.366356802,-1.579964567,0,petit
-1.324228084,-1.579505302,0,petit
-0.076588449,-1.579407924,0,petit
1.076691172,-1.578106943,25,grand
-0.139694792,-1.577026978,0,petit
2.151435809,-1.576985425,25,grand
0.882267666,-1.57692382,22,petit
0.428949798,-1.576347367,0,petit
-1.722061122,-1.575761634,0,petit
0.682212629,-1.574342114,13,petit
-0.92727275,-1.573409737,0,petit
0.853681665,-1.573261417,14,petit
1.251149035,-1.573095646,27,grand
-1.653747494,-1.572700073,0,petit
0.205176637,-1.570400192,0,petit
-0.751540431,-1.570032394,0,petit
-1.023768667,-1.569365751,0,petit
1.266760669,-1.567954511,20,grand
1.281132911,-1.566954295,23,grand
-0.109878845,-1.566894977,0,petit
2.026942148,-1.564258282,10,grand
-0.538804501,-1.562406823,0,petit
1.366496165,-1.562258066,28,grand
-1.626788654,-1.561973958,0,petit
1.110367504,-1.561851866,28,grand
1.407249747,-1.560644175,13,grand
-1.154694443,-1.55969282,0,petit
1.608454889,-1.558967895,29,grand
0.120517709,-1.558737679,0,petit
1.157755652,-1.558698018,10,petit
-0.123309509,-1.557847131,0,petit
-1.308065041,-1.557262709,0,petit
-0.237593286,-1.55622722,0,petit
-0.084291079,-1.55588772,0,petit
0.298213547,-1.555777067,0,petit
-0.741765686,-1.555653535,0,petit
-1.423041465,-1.555321087,0,petit
-1.449399099,-1.555001278,0,petit
0.106538567,-1.55347128,0,petit
-0.17450989,-1.553007257,0,petit
-0.480832644,-1.552403137,0,petit
-1.860678259,-1.551272698,0,petit
0.250582829,-1.550933953,0,petit
1.398824023,-1.550733321,27,grand
-0.890830387,-1.550598642,0,petit
-0.053868886,-1.550000581,0,petit
-0.475726837,-1.549806043,0,petit
0.127879029,-1.549281801,0,petit
-0.331477226,-1.547916183,0,petit
0.819676624,-1.547619834,19,petit
1.126677987,-1.547556053,17,grand
0.498337273,-1.546687823,0,petit
-0.438247472,-1.54626671,0,petit
-1.033697557,-1.545833966,0,petit
0.424961631,-1.545339055,0,petit
-1.862289752,-1.545062698,0,petit
1.31152489,-1.544929944,18,grand
1.148178772,-1.543449961,21,grand
-1.109295845,-1.543439236,0,petit
-1.349608548,-1.543247482,0,petit
-0.379467525,-1.541414282,0,petit
1.554698958,-1.541228475,17,grand
-1.140949988,-1.540760483,0,petit
-0.354498764,-1.538788546,0,petit
-1.044317418,-1.538322176,0,petit
-0.89012236,-1.538132165,0,petit
-0.454225086,-1.538114116,0,petit
-0.131212922,-1.538020341,0,petit
0.623606729,-1.537609135,24,petit
-1.211198709,-1.537079982,0,petit
0.69130043,-1.53680995,20,petit
1.93057836,-1.536485184,21,grand
0.524552795,-1.536143009,25,petit
-1.657708337,-1.53556495,0,petit
-0.729681593,-1.534630098,0,petit
0.233570812,-1.532887002,0,petit
0.269775855,-1.53152667,0,petit
-1.606221565,-1.531509899,0,petit
-0.276358024,-1.531212998,0,petit
0.367667549,-1.530220019,0,petit
-0.971596505,-1.529198748,0,petit
1.681444067,-1.529120822,9,grand
-1.909479149,-1.528417214,0,petit
-1.066698345,-1.527275804,0,petit
0.803786253,-1.527242424,18,petit
-1.402708156,-1.527127289,0,petit
-1.247685002,-1.526403932,0,petit
0.793037086,-1.52401344,17,petit
-1.458290031,-1.52399874,0,petit
1.145770341,-1.523007846,18,grand
0.932912415,-1.522790268,21,petit
-1.438259019,-1.522681213,0,petit
-0.26471214,-1.521967184,0,petit
-0.340739541,-1.521298128,0,petit
-1.736063903,-1.519504073,0,petit
-0.450523537,-1.518656972,0,petit
0.053924445,-1.518633837,0,petit
-1.519230918,-1.517636593,0,petit
-1.427638965,-1.517511206,0,petit
-0.064042455,-1.517177191,0,petit
-0.039799799,-1.515257307,0,petit
-1.736806738,-1.514900693,0,petit
1.014781311,-1.513385021,28,petit
-0.526887366,-1.511876646,0,petit
-0.713560506,-1.511763827,0,petit
0.513942634,-1.511126822,14,petit
-1.533381858,-1.510643787,0,petit
1.486684864,-1.510428874,13,grand
-1.351693093,-1.509959197,0,petit
1.942876045,-1.509330404,23,grand
0.1026932,-1.508366295,0,petit
0.586259961,-1.507505088,23,petit
-0.257695819,-1.507238762,0,petit
1.401103812,-1.507128403,11,grand
1.979998459,-1.507098616,17,grand
1.250178983,-1.505916665,17,grand
2.02305668,-1.505821379,19,grand
0.173308728,-1.505187977,0,petit
-0.247115439,-1.505056881,0,petit
-1.073801588,-1.50491084,0,petit
-1.943914175,-1.503969723,0,petit
-1.664190791,-1.503598463,0,petit
1.530817065,-1.502217705,9,grand
1.82174664,-1.501839618,25,grand
0.758802993,-1.501420977,14,petit
-0.420935023,-1.501238454,0,petit
-1.180820227,-1.501126243,0,petit
0.613862714,-1.499369605,30,petit
-1.096251208,-1.498582885,0,petit
1.844536846,-1.497565663,12,grand
-1.863323035,-1.495299539,0,petit
1.45755349,-1.495072951,19,grand
0.624896929,-1.493854491,22,petit
-0.238402577,-1.493798825,0,petit
1.314148,-1.493487597,27,grand
1.75301504,-1.493296553,8,grand
-0.135441272,-1.492723714,0,petit
0.238613591,-1.49215495,0,petit
-0.97933123,-1.491800185,0,petit
-1.360075366,-1.491635948,0,petit
-0.395760575,-1.488635172,0,petit
0.234367059,-1.487969829,0,petit
-1.917793332,-1.487446701,0,petit
-0.744524992,-1.486284664,0,petit
-1.512029486,-1.485666666,0,petit
-1.323391268,-1.485227474,0,petit
0.661581201,-1.4838935,23,petit
1.351854273,-1.48233766,9,grand
-1.503641094,-1.482311627,0,petit
1.21795022,-1.482253416,8,grand
1.17080036,-1.482001967,10,grand
1.752426722,-1.481934978,19,grand
1.377555033,-1.478924376,10,grand
-0.081800832,-1.478569202,0,petit
1.881864424,-1.477526461,13,grand
-0.544058741,-1.477212117,0,petit
1.011269987,-1.476933581,12,grand
0.991711496,-1.476588739,14,petit
-0.828330711,-1.475954709,0,petit
-0.980967165,-1.475851993,0,petit
-0.285953357,-1.475671905,0,petit
0.164559688,-1.474674705,0,petit
-1.0919453,-1.474272443,0,petit
-1.091679415,-1.473633559,0,petit
-0.337546647,-1.473460671,0,petit
-1.65802256,-1.472806364,0,petit
1.766329261,-1.47277938,22,grand
1.300888133,-1.472715043,24,grand
-0.18772909,-1.472417903,0,petit
1.943765508,-1.471606778,14,grand
-0.28803771,-1.4713313,0,petit
1.626696756,-1.471312702,27,grand
0.809158428,-1.470702977,10,petit
-1.056467467,-1.469995373,0,petit
-1.407368827,-1.469400352,0,petit
-1.084794336,-1.469052685,0,petit
0.2384269,-1.468536056,0,petit
-0.903457397,-1.467370267,0,petit
-0.962989658,-1.467014601,0,petit
0.258845725,-1.465447683,0,petit
-1.532210404,-1.46412529,0,petit
0.828457366,-1.463293637,17,petit
1.505342564,-1.463252147,22,grand
0.058709718,-1.463218418,0,petit
-1.396926286,-1.463134477,0,petit
0.390384678,-1.461987654,0,petit
0.285869393,-1.460297368,0,petit
2.14174667,-1.459822892,14,grand
0.376148604,-1.459214588,0,petit
1.709357648,-1.458928687,10,grand
-1.22576524,-1.458483048,0,petit
0.843582485,-1.458358561,18,petit
1.764960429,-1.45803258,26,grand
-0.846765927,-1.45799734,0,petit
-0.258255327,-1.457613416,0,petit
0.178686445,-1.45723951,0,petit
1.313333556,-1.456976837,8,grand
1.241930886,-1.456372728,30,grand
1.737596329,-1.456317875,11,grand
1.198634869,-1.45623718,8,grand
-0.822859184,-1.455863218,0,petit
-1.447928841,-1.4546259,0,petit
1.667155869,-1.451780671,16,grand
1.076511361,-1.449704173,13,grand
-0.551481794,-1.44670745,0,petit
-1.477241367,-1.446466556,0,petit
-1.714540859,-1.446244501,0,petit
1.90535429,-1.445028139,11,grand
0.051490949,-1.444955876,0,petit
-1.847568344,-1.444487655,0,petit
1.091785842,-1.444173207,16,grand
0.818819541,-1.443486023,11,petit
0.461066908,-1.442934566,0,petit
-0.237496711,-1.442263877,0,petit
0.842585836,-1.442001025,12,petit
0.798328121,-1.441258611,16,petit
-0.806065094,-1.44105209,0,petit
1.741937583,-1.440631906,30,grand
0.106080294,-1.440210126,0,petit
1.273153034,-1.440133846,8,grand
0.33619535,-1.439778752,0,petit
1.66108472,-1.438011333,10,grand
0.780827976,-1.43753243,21,petit
-1.382909989,-1.437055768,0,petit
1.507236506,-1.436429496,27,grand
0.127778583,-1.435697342,0,petit
1.703862766,-1.435453239,11,grand
-1.202824466,-1.432898061,0,petit
1.64001667,-1.432724683,18,grand
1.015139983,-1.431832203,27,petit
-0.779029098,-1.431812712,0,petit
-1.378810137,-1.431704956,0,petit
-1.880674601,-1.431557336,0,petit
0.107179665,-1.431424823,0,petit
0.719159084,-1.43122509,24,petit
-0.809184223,-1.430152456,0,petit
-1.839553479,-1.428717541,0,petit
1.173819684,-1.428705091,15,grand
1.115353037,-1.428449842,22,petit
-1.879536891,-1.428246177,0,petit
0.634277232,-1.428023187,11,petit
-0.469618041,-1.427539687,0,petit
-1.642059524,-1.427023035,0,petit
-0.540764001,-1.42610353,0,petit
0.679256973,-1.425641649,16,petit
1.116749854,-1.424238731,9,grand
-0.673203867,-1.423887842,0,petit
0.942631321,-1.423813791,27,grand
-1.726270404,-1.421653064,0,petit
-1.679967646,-1.419005647,0,petit
0.83113789,-1.418589532,24,petit
0.779873192,-1.418399634,9,petit
-0.652572208,-1.417063696,0,petit
-1.14626065,-1.416833836,0,petit
-1.438258647,-1.41569544,0,petit
-0.897980876,-1.415350044,0,petit
-0.193555291,-1.414376782,0,petit
1.667256489,-1.413696504,17,grand
1.938653819,-1.412734947,12,grand
-0.86684511,-1.411479394,0,petit
0.984736973,-1.408848199,30,grand
0.075995131,-1.40878932,0,petit
-1.408145833,-1.408587957,0,petit
1.470919945,-1.408251822,8,grand
1.150954527,-1.40797944,15,grand
0.580568951,-1.407658822,15,petit
0.223406852,-1.404869862,0,petit
1.777918819,-1.404599952,30,grand
1.744389853,-1.404202424,11,grand
1.349304886,-1.403836823,20,grand
0.387528815,-1.402488512,0,petit
0.840198559,-1.402276634,22,petit
-0.260646887,-1.400500297,0,petit
0.103777347,-1.400170549,0,petit
-0.818574313,-1.399659749,0,petit
-1.710632382,-1.398942783,0,petit
-0.304266734,-1.398629767,0,petit
0.821957636,-1.397407488,29,petit
1.774251688,-1.397388788,11,grand
-1.955128175,-1.397291476,0,petit
2.087505749,-1.396529633,12,grand
-1.262739067,-1.395034091,0,petit
0.647335507,-1.393770431,29,petit
0.678255661,-1.393599525,21,petit
1.110010108,-1.393101577,26,grand
-0.54723327,-1.392583615,0,petit
-1.081167723,-1.392321443,0,petit
-0.607306464,-1.391683259,0,petit
0.5926388,-1.391681784,11,petit
-1.387144276,-1.391022323,0,petit
-1.680808419,-1.390909086,0,petit
-0.651845346,-1.390270461,0,petit
-0.069085455,-1.390068893,0,petit
0.05415678,-1.388425667,0,petit
1.601231454,-1.387790793,30,grand
1.089509816,-1.387089663,23,grand
-1.21530319,-1.383313153,0,petit
-1.458867103,-1.383246748,0,petit
0.436858069,-1.383053637,0,petit
0.919284436,-1.383043163,25,petit
-1.478504202,-1.382815536,0,petit
0.435538205,-1.382640602,0,petit
0.31291985,-1.381561134,0,petit
1.035738957,-1.381080666,16,grand
-0.274767908,-1.380524445,0,petit
1.702828646,-1.38042045,22,grand
-0.498429463,-1.379832427,0,petit
-0.629771688,-1.379284067,0,petit
-0.656855555,-1.37748334,0,petit
-0.649258104,-1.377411744,0,petit
2.067607779,-1.376467942,24,grand
-0.504280021,-1.37570642,0,petit
-0.886670074,-1.375625581,0,petit
1.001580401,-1.375222659,10,grand
1.969825973,-1.374423503,17,grand
0.068029442,-1.372961367,0,petit
1.215243348,-1.372342219,22,grand
1.739302858,-1.371297499,12,grand
0.512747906,-1.370987632,20,petit
-2.065871819,-1.370556221,0,petit
-1.533783143,-1.369944104,0,petit
0.048835353,-1.369284101,0,petit
0.959663237,-1.369162134,16,grand
0.055332948,-1.368664649,0,petit
1.267588271,-1.368074659,26,grand
-0.888917128,-1.36722439,0,petit
1.14609389,-1.36717881,19,grand
-2.098098167,-1.366057843,0,petit
1.461984534,-1.365316477,12,grand
-1.362604679,-1.36455012,0,petit
-1.458577517,-1.36138172,0,petit
-0.569032056,-1.360081416,0,petit
-1.621603784,-1.359809962,0,petit
-1.134788944,-1.359766651,0,petit
1.136397856,-1.359235555,21,grand
0.979220216,-1.359221295,29,petit
-1.796445059,-1.35794317,0,petit
-2.007072789,-1.357568138,0,petit
-0.956326344,-1.3572808,0,petit
0.736020359,-1.356455793,21,petit
1.413018073,-1.354653231,23,grand
-0.431720422,-1.354266664,0,petit
0.922662863,-1.353925843,11,petit
-1.137680732,-1.353802502,0,petit
1.680710389,-1.353058357,26,grand
1.759870079,-1.352940681,19,grand
0.254967284,-1.352725818,0,petit
1.474330137,-1.352615217,9,grand
0.168511344,-1.351555504,0,petit
1.57763039,-1.350876645,20,grand
0.788196646,-1.350287031,27,petit
-0.891155204,-1.349377574,0,petit
-1.81907503,-1.348810534,0,petit
-0.483345629,-1.348308086,0,petit
0.105131297,-1.348016868,0,petit
1.046582642,-1.347135995,29,petit
1.521920813,-1.346577027,12,grand
1.810189147,-1.346488733,29,grand
-0.802773172,-1.346463102,0,petit
1.579767954,-1.346005893,13,grand
1.354460726,-1.34446679,24,grand
0.881262192,-1.344175946,27,petit
1.704602314,-1.343786228,22,grand
0.004015811,-1.343459141,0,petit
1.447191917,-1.342861144,20,grand
-1.718016026,-1.342716915,0,petit
-0.40608427,-1.342633889,0,petit
0.529402175,-1.341526397,24,petit
-1.550597981,-1.341430334,0,petit
1.09568626,-1.340875527,25,grand
1.665278886,-1.340868116,20,grand
1.23621023,-1.340099717,25,grand
-0.047532087,-1.339736049,0,petit
-0.442086623,-1.339208659,0,petit
-1.633329803,-1.339002243,0,petit
-0.582142566,-1.338595095,0,petit
-1.591876939,-1.338113642,0,petit
-0.824493925,-1.337205385,0,petit
0.334024223,-1.336804169,0,petit
0.48965993,-1.335357395,0,petit
-0.923247276,-1.333430091,0,petit
-1.717180199,-1.333391724,0,petit
-1.424252632,-1.332220217,0,petit
-0.98411545,-1.332196928,0,petit
-0.601280222,-1.330734957,0,petit
0.265510193,-1.330706675,0,petit
-0.293200469,-1.330499935,0,petit
0.075472875,-1.330193621,0,petit
0.872690115,-1.329364821,10,petit
-1.487497626,-1.328902306,0,petit
-1.16249711,-1.328755482,0,petit
0.63586927,-1.328479585,13,petit
-0.694111434,-1.328109254,0,petit
0.608399615,-1.327390602,9,petit
0.695604307,-1.325110969,23,petit
0.590646337,-1.325104499,17,petit
0.987165397,-1.324914455,8,petit
-0.022704458,-1.324600323,0,petit
1.885477995,-1.324113415,21,grand
0.310745212,-1.323736257,0,petit
1.598150684,-1.323649682,25,grand
-0.04325862,-1.323332301,0,petit
-1.851861421,-1.322899212,0,petit
-1.602357815,-1.322782685,0,petit
0.980429298,-1.32199625,27,petit
1.496044338,-1.321315434,13,grand
0.205700134,-1.319526545,0,petit
-1.922306727,-1.319513497,0,petit
0.154996626,-1.318532806,0,petit
-0.31623701,-1.317944059,0,petit
0.683213661,-1.317515124,24,petit
0.827403273,-1.317379167,9,petit
0.429937635,-1.316302032,0,petit
-2.024701836,-1.315577091,0,petit
-0.147250094,-1.313688957,0,petit
0.412357159,-1.313441757,0,petit
-1.134587951,-1.310396322,0,petit
-1.33168397,-1.309664174,0,petit
0.494686406,-1.309533719,0,petit
-1.534430499,-1.309458784,0,petit
1.57483468,-1.307533989,8,grand
-0.786478158,-1.30724998,0,petit
0.277226222,-1.306494275,0,petit
1.851010067,-1.3063759,18,grand
-1.750175392,-1.305985291,0,petit
1.657237633,-1.304754883,29,grand
1.069044249,-1.304259444,17,grand
1.470823652,-1.303271338,22,grand
0.243835281,-1.303163047,0,petit
1.948284774,-1.302932161,10,grand
1.267500504,-1.299783828,28,grand
0.881273485,-1.299599266,9,petit
-0.747420943,-1.29937192,0,petit
0.331377324,-1.298578872,0,petit
-1.457870804,-1.298387064,0,petit
0.999685443,-1.297965092,19,grand
-0.897627473,-1.297783524,0,petit
-0.103476965,-1.297541505,0,petit
-0.428017872,-1.295847776,0,petit
0.828505642,-1.295580298,9,petit
-1.669911045,-1.294420256,0,petit
-1.164110069,-1.293383912,0,petit
-1.11728742,-1.293097244,0,petit
0.271810059,-1.292817876,0,petit
0.493339569,-1.29262244,0,petit
-1.328134881,-1.292042532,0,petit
0.533536967,-1.291282872,21,petit
-1.473998494,-1.29086632,0,petit
-1.455018109,-1.289879119,0,petit
1.66274305,-1.289582485,19,grand
-1.879230703,-1.289022998,0,petit
-0.303939485,-1.288225702,0,petit
0.169441306,-1.288106019,0,petit
-1.104748882,-1.288055005,0,petit
0.371645961,-1.285572354,0,petit
1.071209191,-1.28556231,19,grand
-1.277240112,-1.285368654,0,petit
1.993990131,-1.284814026,20,grand
-1.514915796,-1.284643863,0,petit
1.369743611,-1.284306206,19,grand
-0.694187703,-1.283829964,0,petit
-0.678618588,-1.283547632,0,petit
1.897642969,-1.282714404,20,grand
1.206306294,-1.281984394,12,grand
-1.808824562,-1.281728854,0,petit
0.455028057,-1.281164593,0,petit
-1.151876283,-1.280817218,0,petit
-0.151644064,-1.280504226,0,petit
1.130906935,-1.280369939,12,grand
1.521067048,-1.280084124,12,grand
-1.935757617,-1.279213071,0,petit
-1.799711073,-1.279009086,0,petit
0.251649222,-1.278306522,0,petit
0.000529293,-1.278151275,0,petit
-0.10928275,-1.27789149,0,petit
1.431244486,-1.277628103,18,grand
-0.555442362,-1.277305605,0,petit
-1.103941172,-1.277157726,0,petit
-0.795483388,-1.276839034,0,petit
0.359100228,-1.276127443,0,petit
-1.554189529,-1.275818001,0,petit
-0.331611063,-1.27560249,0,petit
-0.105021736,-1.274531473,0,petit
1.650937691,-1.273798442,21,grand
-1.241847651,-1.273098818,0,petit
1.407549178,-1.272095196,9,grand
-0.609890342,-1.271909917,0,petit
0.036189657,-1.270133901,0,petit
0.563935251,-1.268660855,19,petit
1.907804728,-1.268273314,14,grand
2.013830893,-1.268208314,18,grand
1.342402108,-1.268100813,28,grand
0.216838982,-1.266507316,0,petit
-1.962250464,-1.266039332,0,petit
-1.094703186,-1.264755798,0,petit
1.77462691,-1.26453218,26,grand
0.101560404,-1.26439606,0,petit
-1.928245175,-1.262853517,0,petit
-1.318891581,-1.262537957,0,petit
-0.807767815,-1.262418724,0,petit
1.349014655,-1.262244687,18,grand
-0.299838422,-1.261726038,0,petit
1.051847593,-1.261483109,19,grand
1.406100037,-1.259235179,13,grand
0.955872892,-1.259045595,19,petit
-1.419634445,-1.258674644,0,petit
-0.591545603,-1.257589125,0,petit
0.019180677,-1.257128003,0,petit
0.588259254,-1.25677073,29,petit
-0.979150167,-1.256191816,0,petit
0.902280147,-1.255182546,14,petit
-1.824046146,-1.253766146,0,petit
0.266381828,-1.25331577,0,petit
-0.407445005,-1.253231995,0,petit
0.226047572,-1.251947611,0,petit
0.730386756,-1.251801919,28,petit
-1.960227477,-1.250929598,0,petit
-0.233521311,-1.248960114,0,petit
-1.04988833,-1.247219901,0,petit
-1.746643334,-1.246748418,0,petit
1.468434755,-1.246581561,17,grand
-1.155355604,-1.246494627,0,petit
0.298446183,-1.244630181,0,petit
-1.433699505,-1.244556848,0,petit
-1.116066571,-1.243839475,0,petit
-1.363799206,-1.243742572,0,petit
0.830305112,-1.242831034,29,petit
0.157183996,-1.24146185,0,petit
0.189425315,-1.240899909,0,petit
-1.913442978,-1.240898438,0,petit
-1.907747616,-1.240744201,0,petit
-0.586679872,-1.239647826,0,petit
0.237728771,-1.239517251,0,petit
-0.844491958,-1.238117491,0,petit
-1.393607169,-1.237015515,0,petit
1.156304361,-1.236804863,23,grand
0.367341108,-1.236801148,0,petit
-1.130423821,-1.235389356,0,petit
-1.657423384,-1.23454316,0,petit
-1.785466141,-1.233775087,0,petit
0.531955831,-1.23334119,27,petit
0.203850943,-1.231542768,0,petit
-0.458493863,-1.230723077,0,petit
1.093029123,-1.229432804,14,grand
0.226706673,-1.229145391,0,petit
0.669983558,-1.228850942,28,petit
-1.023763071,-1.228342229,0,petit
1.855139365,-1.227905003,28,grand
-1.176860449,-1.227559268,0,petit
0.664581684,-1.22710093,30,petit
1.597453573,-1.225487204,27,grand
-1.994960474,-1.223360034,0,petit
-1.90924974,-1.223062142,0,petit
0.123195061,-1.221358933,0,petit
-0.407953198,-1.220922286,0,petit
1.784595579,-1.22071365,30,grand
-1.233615652,-1.220482004,0,petit
-1.199818391,-1.219955107,0,petit
-1.541837944,-1.219059497,0,petit
0.46732301,-1.219026669,0,petit
-1.080795956,-1.218243853,0,petit
-1.367042157,-1.218233711,0,petit
-1.055709439,-1.217609231,0,petit
-0.050809283,-1.216903434,0,petit
-1.809092447,-1.216895778,0,petit
0.812951324,-1.216473821,18,grand
1.523293536,-1.216426239,28,grand
1.821834158,-1.216195145,8,grand
-0.233582576,-1.215923106,0,petit
1.269887444,-1.214457025,23,grand
-1.565755098,-1.214325147,0,petit
0.507935447,-1.213595556,30,petit
1.428059828,-1.213505254,23,grand
1.693612593,-1.213009014,11,grand
0.595466196,-1.212489305,14,petit
-0.110869693,-1.212100293,0,petit
-1.347872076,-1.21185809,0,petit
-1.67683298,-1.208447047,0,petit
1.283661763,-1.208149707,22,grand
1.883314982,-1.208073163,23,grand
1.97082374,-1.207061103,28,grand
0.255263707,-1.206798412,0,petit
-0.634475019,-1.205558348,0,petit
0.482717156,-1.205326021,0,petit
1.635688387,-1.205295683,12,grand
-1.723082161,-1.205199218,0,petit
-0.450617441,-1.204777373,0,petit
-1.840795578,-1.204270333,0,petit
-1.785793536,-1.201493138,0,petit
-0.509470065,-1.200803463,0,petit
-1.212728894,-1.20035128,0,petit
-0.623250873,-1.200190582,0,petit
-0.314181723,-1.199973736,0,petit
0.921938066,-1.199436656,16,petit
-2.114184454,-1.198776981,0,petit
0.459564696,-1.198705197,0,petit
0.61172122,-1.19741752,16,petit
-0.453755559,-1.197397603,0,petit
-0.310220185,-1.196225366,0,petit
-0.537941889,-1.196207937,0,petit
1.843040218,-1.19589626,15,grand
0.184587857,-1.194733747,0,petit
-0.867110412,-1.19251821,0,petit
-1.68705393,-1.191212436,0,petit
-1.272882427,-1.19064693,0,petit
-1.186619759,-1.190386973,0,petit
-0.150015474,-1.189537425,0,petit
-0.901007428,-1.188967285,0,petit
-1.070551118,-1.186173368,0,petit
-1.259729844,-1.18485825,0,petit
1.721264636,-1.184458749,21,petit
-0.042936054,-1.183536352,0,petit
1.652420586,-1.183234155,15,grand
-1.683595169,-1.182983375,0,petit
-0.164974928,-1.182874641,0,petit
0.599100654,-1.182800785,25,petit
-0.569333104,-1.182793502,0,petit
-0.648309112,-1.181898987,0,petit
-2.06912611,-1.180669694,0,petit
-1.438486164,-1.180582481,0,petit
-1.673107837,-1.180104545,0,petit
-0.714991085,-1.178646013,0,petit
-0.925749235,-1.176051243,0,petit
1.382140749,-1.175969377,17,grand
-1.837606673,-1.175346944,0,petit
1.597426735,-1.17532335,9,grand
0.1484456,-1.173644624,0,grand
-1.904460149,-1.173073303,0,petit
-1.632261593,-1.173050237,0,petit
-1.850746859,-1.172130307,0,petit
-0.990928349,-1.17210761,0,petit
-0.946204974,-1.172077451,0,petit
-0.073208811,-1.171172862,0,petit
1.518234127,-1.171118153,21,grand
-1.405513676,-1.170019094,0,petit
-1.584814447,-1.169933844,0,petit
-0.400809008,-1.169620027,0,petit
-1.439975015,-1.169485684,0,petit
-0.049393433,-1.168604445,0,petit
0.958798797,-1.167375288,16,grand
0.302920987,-1.166527603,0,petit
0.38858911,-1.166090425,0,petit
-0.568493349,-1.164854465,0,petit
-0.479082976,-1.164645948,0,petit
-0.655548081,-1.164551819,0,petit
1.354018323,-1.163900078,14,grand
1.936866814,-1.163756011,13,grand
-0.074260451,-1.163703728,0,petit
1.359915737,-1.163702073,17,grand
-1.353588408,-1.163519897,0,petit
-0.185854594,-1.162560369,0,petit
1.50239179,-1.162151736,28,petit
1.863727293,-1.161968084,26,grand
1.477403452,-1.160317799,26,grand
-0.39701293,-1.158287609,0,petit
1.084175694,-1.157615336,27,grand
1.122444558,-1.15759128,17,petit
-1.855018863,-1.15702571,0,petit
1.205284816,-1.15699523,19,grand
0.93763928,-1.156195659,24,petit
1.094501196,-1.155383076,14,grand
0.012737795,-1.155335411,0,petit
0.929544109,-1.155067911,21,petit
-1.577221445,-1.154647508,0,petit
-0.133501484,-1.153745301,0,petit
1.265792932,-1.153555844,24,grand
0.096217413,-1.152885059,0,petit
-0.969732536,-1.152765168,0,petit
0.605756406,-1.152727498,24,petit
-0.162389481,-1.152468299,0,petit
-0.259377479,-1.151621909,0,petit
-0.576541631,-1.149975384,0,petit
-0.533035452,-1.145261214,0,petit
0.294856017,-1.143440241,0,petit
1.772867585,-1.143323655,21,grand
1.688284324,-1.143291243,11,grand
1.07559057,-1.142905354,20,petit
0.124641458,-1.141265517,0,petit
-1.004666199,-1.14081485,0,petit
-1.486011547,-1.140077785,0,petit
-0.741458032,-1.139930894,0,petit
1.874150664,-1.139761014,15,grand
0.280158173,-1.139596894,0,petit
0.024303531,-1.137588414,0,petit
0.884024654,-1.136311455,29,petit
-0.473314262,-1.135610726,0,petit
-1.454051427,-1.135157407,0,petit
-0.651909959,-1.133718979,0,petit
-1.266568229,-1.133237129,0,petit
-1.097466299,-1.132715675,0,petit
-1.84323007,-1.131411577,0,petit
-1.43716003,-1.131177215,0,petit
-0.526996363,-1.130115582,0,petit
1.916080757,-1.129833243,26,grand
0.633329606,-1.129783972,29,grand
-1.430817815,-1.129762184,0,petit
1.609560947,-1.129652873,19,grand
-0.764414983,-1.127733839,0,petit
1.537901315,-1.12447206,14,grand
-1.067218256,-1.123248812,0,petit
1.828153122,-1.122243794,25,grand
-0.733391849,-1.121407109,0,petit
-0.680815146,-1.121156014,0,petit
0.049523998,-1.119409055,0,petit
-1.451483562,-1.11889364,0,petit
-0.051755529,-1.115880637,0,petit
-1.293263943,-1.115794318,0,petit
-1.92823841,-1.115649897,0,petit
1.950830886,-1.114937668,22,grand
-1.188940052,-1.114766366,0,petit
0.81358127,-1.114695528,14,petit
-0.289729846,-1.11384216,0,petit
0.921212023,-1.113684117,11,petit
1.357599758,-1.113646618,23,grand
-1.849367548,-1.113523041,0,petit
1.627061845,-1.113385838,30,grand
-1.863035111,-1.112791515,0,petit
-0.138848924,-1.111056379,0,petit
0.94885833,-1.110785651,11,grand
-0.127608963,-1.110762762,0,petit
-1.701740812,-1.110550416,0,petit
0.510395469,-1.109322632,8,petit
-0.706339148,-1.108296354,0,petit
1.320245501,-1.108022925,10,petit
1.407823013,-1.107956921,20,grand
-0.150780257,-1.106911307,0,petit
-0.172971894,-1.106496442,0,petit
-0.162887678,-1.106027975,0,petit
0.738207473,-1.106024361,16,petit
1.942454561,-1.105883093,28,grand
1.356060332,-1.105312796,23,grand
-1.903134327,-1.105097177,0,petit
-1.52305279,-1.105010287,0,petit
1.124112062,-1.104949045,18,grand
-1.983703764,-1.104918798,0,petit
-1.350325697,-1.104697204,0,petit
-1.649954175,-1.104090112,0,petit
1.397181819,-1.103767548,24,grand
-0.282208663,-1.103489392,0,petit
-1.206747706,-1.102016113,0,petit
-1.279904616,-1.101933438,0,petit
0.017059203,-1.100058411,0,petit
1.529619375,-1.09980298,26,grand
-1.411944194,-1.098306148,0,petit
0.013282,-1.096472549,0,grand
-0.873012065,-1.095943396,0,petit
1.161519941,-1.095375067,22,grand
-1.369916089,-1.094486944,0,petit
-1.91800308,-1.09415007,0,petit
0.527046178,-1.093031265,13,petit
1.323204739,-1.092806967,30,grand
-0.081009849,-1.092538088,0,petit
1.705708746,-1.092342314,11,petit
1.232214726,-1.09231258,29,grand
-1.735334345,-1.092102005,0,petit
-0.722042743,-1.091973547,0,petit
-1.552760127,-1.091084578,0,petit
-1.551281066,-1.090973004,0,petit
-1.608051108,-1.08972224,0,petit
-1.03890777,-1.088316566,0,petit
-1.338768144,-1.086734141,0,petit
1.738307191,-1.085722866,21,grand
-1.45903782,-1.084532182,0,petit
-1.101514192,-1.084416622,0,petit
1.677144577,-1.083879554,14,grand
-1.866244243,-1.08343131,0,petit
-1.420602235,-1.082942761,0,petit
1.755652401,-1.081698869,17,grand
0.690210484,-1.081685784,17,petit
1.266295327,-1.081429462,29,grand
-0.644186714,-1.081256474,0,petit
0.120256863,-1.080094102,0,grand
1.498214229,-1.079768622,26,petit
-1.576592176,-1.079602468,0,petit
-0.19982689,-1.079425685,0,petit
1.004005468,-1.077879384,26,petit
1.419669434,-1.076928851,16,grand
0.123686729,-1.075086202,0,petit
0.010385983,-1.074887056,0,petit
-0.09835166,-1.074621858,0,petit
-0.886792702,-1.074216182,0,petit
1.320526905,-1.073171139,11,grand
0.981918223,-1.072888846,17,petit
1.197827872,-1.072642122,11,grand
-0.853696334,-1.071802997,0,petit
1.330366583,-1.071446961,20,grand
-1.890179611,-1.071254552,0,petit
-1.851591212,-1.06701346,0,petit
1.224926195,-1.06584227,20,grand
1.889863191,-1.065412667,25,grand
1.973132548,-1.064710509,30,grand
1.630381446,-1.06431434,25,grand
-1.060311656,-1.06396938,0,petit
1.641630734,-1.063488564,24,petit
1.278564912,-1.063223591,23,grand
-0.593458888,-1.063080819,0,petit
0.56834252,-1.062821162,18,petit
-0.459416287,-1.062596397,0,petit
-1.265215841,-1.061358087,0,petit
1.673163938,-1.061092995,27,petit
-1.891409208,-1.059852832,0,petit
-0.793409381,-1.058622716,0,petit
0.013418846,-1.058563282,0,grand
1.677759847,-1.058229191,10,grand
-1.759905025,-1.057440098,0,petit
1.35173421,-1.057075265,21,grand
-0.878710399,-1.056374048,0,petit
0.453756458,-1.054864106,0,grand
-0.251435927,-1.054366966,0,petit
-1.043066968,-1.054141276,0,petit
-1.765564949,-1.053574966,0,petit
-1.165465428,-1.053568892,0,petit
0.536860508,-1.052759068,24,petit
1.668222859,-1.052005501,23,grand
1.761482958,-1.051879215,13,petit
0.406920037,-1.051736873,0,petit
-1.152755064,-1.049092691,0,petit
1.053829059,-1.048636503,8,petit
1.898929316,-1.048228972,19,grand
-1.536209965,-1.04770737,0,petit
1.951929101,-1.047644131,29,petit
1.703389552,-1.047515252,30,petit
1.313079575,-1.046988951,8,grand
-1.730637086,-1.046844998,0,petit
1.525464412,-1.046503195,26,grand
0.186021275,-1.046390221,0,grand
-0.988234922,-1.046346415,0,petit
0.278912401,-1.045783416,0,petit
0.265329474,-1.045583912,0,petit
1.094378881,-1.044888869,26,grand
1.110114797,-1.044865108,25,grand
-0.738949559,-1.04482175,0,petit
-1.440430229,-1.044774488,0,petit
-0.725086619,-1.044625498,0,petit
0.04345434,-1.043705035,0,petit
-0.160867079,-1.042648827,0,petit
0.863234964,-1.0420326,20,grand
-1.922072552,-1.042032373,0,petit
1.036602648,-1.041957098,23,petit
-0.966204331,-1.041675737,0,petit
-1.164073842,-1.040811924,0,petit
-0.572785821,-1.04061166,0,petit
-1.229124499,-1.03993246,0,petit
-1.53981413,-1.037899377,0,petit
0.019427735,-1.03621741,0,grand
0.71947385,-1.03588482,22,grand
1.076850405,-1.034937865,10,grand
0.376038684,-1.034373528,0,petit
-0.506988917,-1.032331618,0,petit
-0.587259406,-1.03111666,0,petit
-1.216560067,-1.029080828,0,petit
-0.131688196,-1.027701076,0,petit
0.408595341,-1.025398232,0,petit
-1.143676212,-1.025186349,0,petit
1.440881743,-1.024710798,27,grand
-1.236901226,-1.024704136,0,petit
-0.808410342,-1.024586384,0,petit
1.891906656,-1.024251626,23,grand
2.034098142,-1.0238462,24,grand
1.804398357,-1.023016764,23,petit
1.630896764,-1.022578342,13,petit
-0.158059076,-1.022453919,0,petit
-0.96788705,-1.022432036,0,petit
0.694121037,-1.02234343,26,petit
-1.696226854,-1.021642621,0,petit
0.521921763,-1.020784349,16,petit
1.861724192,-1.020399213,9,petit
-0.339478488,-1.01909066,0,petit
0.483457405,-1.018956294,0,petit
2.136065315,-1.018944231,8,grand
1.496976831,-1.018880947,30,grand
1.544245844,-1.018098734,15,grand
0.558647008,-1.01466797,8,grand
0.029546714,-1.014338827,0,petit
1.512801577,-1.014049664,24,petit
1.1551005,-1.013243927,26,petit
-1.397988351,-1.012885522,0,petit
1.718678389,-1.012835353,18,grand
-0.584984725,-1.012267972,0,petit
0.131986176,-1.011833216,0,petit
-1.899253595,-1.009444922,0,petit
1.92409545,-1.008532723,9,petit
-2.117282562,-1.007755684,0,petit
-1.274439875,-1.00694695,0,petit
0.787718005,-1.00636319,19,petit
0.733148833,-1.005789903,25,grand
-1.554601656,-1.005157312,0,petit
-0.746748555,-1.00512192,0,petit
0.24560223,-1.004918545,0,petit
-1.274663683,-1.003195621,0,petit
-1.413714567,-1.00318192,0,petit
0.527159031,-1.002540697,22,grand
-1.548484968,-1.002369196,0,petit
-1.769120868,-1.001864147,0,petit
-1.642815924,-1.001767805,0,petit
-1.07357769,-1.001765534,0,petit
-1.207119331,-1.001680062,0,petit
-1.477777046,-1.001641097,0,petit
1.046690582,-1.000547764,24,grand
0.206313902,-0.998960763,0,grand
1.644889915,-0.99859023,23,grand
-1.670687118,-0.998264166,0,petit
-0.851407633,-0.998186566,0,petit
1.43442942,-0.997602061,8,petit
-1.86541386,-0.997583389,0,petit
-0.306865879,-0.996547778,0,petit
0.860941803,-0.995985688,21,grand
1.385125293,-0.995696589,9,grand
0.605276962,-0.995103768,20,petit
1.645686003,-0.994104233,14,grand
-0.493618443,-0.992532295,0,petit
1.275588492,-0.992060686,25,grand
-0.402333782,-0.991388481,0,petit
2.006574739,-0.991200644,23,petit
-0.958594341,-0.990155277,0,petit
-0.527936209,-0.989512447,0,petit
-0.255940348,-0.989351887,0,petit
-0.485749623,-0.988693434,0,petit
1.799565221,-0.988245125,9,grand
-0.679944585,-0.986843603,0,petit
1.646662306,-0.986268962,19,grand
1.297508501,-0.986141375,23,grand
-0.970446898,-0.986071156,0,petit
-1.744443062,-0.986013492,0,petit
-2.058284327,-0.985804894,0,petit
0.968051691,-0.985727541,12,petit
1.503476298,-0.985301931,9,petit
-0.690515539,-0.985170279,0,petit
-1.557714102,-0.984069947,0,petit
-0.499883516,-0.982763737,0,petit
-1.455772761,-0.981283452,0,petit
1.360216946,-0.981246696,20,grand
-0.690103932,-0.980759122,0,petit
-0.130783224,-0.980491147,0,petit
0.989360131,-0.979781332,11,petit
2.037042148,-0.979636315,25,grand
0.70496816,-0.979189714,29,grand
-1.058282705,-0.978708998,0,petit
1.191172821,-0.978306578,16,grand
-0.228143018,-0.977913704,0,petit
0.832322448,-0.977819228,24,petit
1.311890969,-0.977816401,18,petit
-1.960910038,-0.976271712,0,petit
1.869337207,-0.976098547,10,grand
-1.587619622,-0.975935532,0,petit
-0.509151728,-0.975776377,0,petit
-0.017510901,-0.973790547,0,petit
-1.473751832,-0.973428234,0,petit
0.829642744,-0.973012361,26,petit
-1.178129411,-0.972805264,0,petit
0.707501239,-0.972748268,27,grand
0.007003676,-0.972151993,0,petit
0.114030415,-0.971889386,0,petit
-1.122259096,-0.971792123,0,petit
1.073564039,-0.970767801,8,grand
0.796849544,-0.968170654,14,grand
-1.609356353,-0.968133158,0,petit
1.796458631,-0.967911571,14,grand
1.10636548,-0.967602127,19,grand
0.939425432,-0.967547526,18,petit
-1.141359339,-0.964384333,0,petit
-0.534703908,-0.964294334,0,petit
1.05761436,-0.964212376,23,petit
-0.084790025,-0.963940495,0,petit
0.841586996,-0.963566415,23,grand
-0.826623412,-0.962280308,0,petit
-0.68148337,-0.961419999,0,petit
0.537466009,-0.961334356,19,petit
1.342060362,-0.960620627,17,grand
-0.651795256,-0.958884438,0,petit
0.835334998,-0.957799861,13,petit
1.025471387,-0.955903461,17,grand
-0.91202357,-0.955436877,0,petit
-1.751254432,-0.955127405,0,petit
0.75589258,-0.954698469,25,grand
-0.463180502,-0.954640442,0,petit
1.225186472,-0.952314368,12,petit
-1.017556838,-0.95230961,0,petit
-1.079811651,-0.952175208,0,petit
-0.723592553,-0.950821078,0,petit
1.039290744,-0.950734977,21,petit
-0.44660721,-0.950208787,0,petit
0.00628357,-0.949666571,0,grand
0.326580193,-0.948053207,0,grand
1.197869341,-0.947663905,28,petit
-1.258981068,-0.945989703,0,petit
1.400368065,-0.945350275,10,petit
-0.473486591,-0.945127735,0,petit
1.575000925,-0.943895338,20,petit
0.304894272,-0.943295935,0,grand
0.029742705,-0.942730193,0,petit
-1.574744791,-0.942678672,0,petit
1.518217215,-0.942628997,27,petit
-1.376268924,-0.942366096,0,petit
-0.72208234,-0.940542138,0,petit
0.705015095,-0.938930436,23,petit
0.750844623,-0.938747421,29,petit
-1.733717609,-0.938427156,0,petit
1.710166797,-0.93836685,28,petit
1.786668106,-0.938288159,15,petit
-1.924458796,-0.937895507,0,petit
-0.432308614,-0.937850434,0,petit
0.64545899,-0.936532711,8,grand
-1.589116835,-0.936463764,0,petit
-1.087745316,-0.935679568,0,petit
-0.002881856,-0.935492027,0,grand
0.305692185,-0.935003738,0,petit
-1.690002775,-0.933775869,0,petit
-0.167328487,-0.933326018,0,petit
-1.874061406,-0.932810864,0,petit
0.385707331,-0.932774679,0,grand
-2.026597029,-0.932742301,0,petit
-1.859779441,-0.932041106,0,petit
1.711102403,-0.931040721,12,petit
-1.554669838,-0.93100797,0,petit
0.728412115,-0.930855271,22,petit
-1.477986929,-0.928653934,0,petit
-0.686984342,-0.927538663,0,petit
0.76518027,-0.927409303,23,grand
-0.802518489,-0.927160899,0,petit
-1.886618478,-0.927040417,0,petit
0.174158595,-0.92676165,0,petit
-0.397595813,-0.925654573,0,petit
0.099522454,-0.924417447,0,petit
-0.44507248,-0.923214595,0,petit
1.325555049,-0.923138139,10,grand
-0.313290653,-0.923073572,0,petit
-0.682865686,-0.922851359,0,petit
0.787127345,-0.922530766,16,grand
0.518749754,-0.920978084,12,petit
-0.461937,-0.919628057,0,petit
0.429506119,-0.918913493,0,grand
1.719309227,-0.91889693,8,petit
-1.613637573,-0.918826893,0,petit
-0.325444257,-0.918408445,0,petit
0.758848799,-0.917728403,29,grand
1.76565471,-0.917578475,21,grand
-0.18891557,-0.917217359,0,petit
-1.596961477,-0.91544979,0,petit
1.690384148,-0.915200243,8,grand
-1.47675294,-0.914288158,0,petit
1.91544543,-0.913639419,14,grand
-1.307348337,-0.913484211,0,petit
0.492627761,-0.911719926,0,grand
1.406599933,-0.911458418,23,grand
-0.568887895,-0.911114282,0,petit
-1.121218114,-0.91080374,0,petit
-1.340236609,-0.910781822,0,petit
0.863945853,-0.910619986,18,grand
-1.496813148,-0.910093426,0,petit
0.857376552,-0.909999632,15,grand
0.78081776,-0.909494906,28,petit
1.911760908,-0.908960278,11,petit
1.508744168,-0.906881565,13,grand
1.579691643,-0.906583824,25,petit
-1.178395945,-0.905880798,0,petit
1.121516573,-0.905813119,11,petit
0.29559723,-0.905021269,0,grand
-0.277243558,-0.90357664,0,petit
-0.371612421,-0.902148601,0,petit
0.990530569,-0.902140778,28,grand
-0.494097959,-0.90173469,0,petit
0.527342964,-0.900448835,28,grand
-1.249111961,-0.900317345,0,petit
0.634407613,-0.89953004,24,grand
-0.625210176,-0.898770069,0,petit
1.575039139,-0.898299643,29,petit
0.57686144,-0.898130029,30,grand
0.866729364,-0.897494751,13,grand
-1.468246154,-0.897415445,0,petit
-1.594111026,-0.896647017,0,petit
1.878560424,-0.895937944,18,petit
-0.417324497,-0.894660622,0,petit
1.351498286,-0.893590133,8,petit
1.924558699,-0.891975285,11,petit
-0.028567486,-0.890454619,0,petit
-1.38551177,-0.89038253,0,petit
-1.379980951,-0.890327639,0,petit
0.242219332,-0.889708987,0,grand
0.594522931,-0.888887991,27,grand
0.280720037,-0.887566099,0,grand
0.192486969,-0.886558006,0,grand
-0.491959777,-0.886411022,0,petit
-1.924077867,-0.886251409,0,petit
-1.199772665,-0.885846637,0,petit
0.542739669,-0.884062823,13,grand
-1.6176815,-0.883848393,0,petit
-1.253081552,-0.883741358,0,petit
-0.715343506,-0.8826829,0,petit
0.732036154,-0.882646777,17,grand
-0.542950478,-0.881686422,0,petit
-1.165387339,-0.881681176,0,petit
0.791829286,-0.880933399,9,grand
0.501469636,-0.880304661,16,petit
-0.603002584,-0.880234091,0,petit
-0.265958453,-0.879871446,0,petit
-1.432100112,-0.879743774,0,petit
-1.764754766,-0.879379455,0,petit
-0.104464162,-0.879254047,0,petit
0.814297733,-0.878521799,12,grand
-0.340927132,-0.878394758,0,petit
1.624204224,-0.877963673,25,petit
0.299497634,-0.877133119,0,grand
-0.584890511,-0.876953677,0,petit
1.325847268,-0.87526213,21,petit
-0.528945773,-0.87496805,0,petit
1.785631819,-0.874341481,25,petit
0.769737261,-0.873635064,9,grand
0.07751342,-0.873224917,0,grand
-0.426412766,-0.872973397,0,petit
-0.172658473,-0.872396253,0,petit
-1.74026309,-0.872335523,0,petit
1.133618323,-0.870694804,9,petit
1.069033638,-0.870473919,8,petit
-2.022781142,-0.869758374,0,petit
-1.154950202,-0.869481161,0,petit
-1.309711745,-0.869202518,0,petit
-1.820945911,-0.868476854,0,petit
-0.133212102,-0.865427328,0,petit
-1.505460612,-0.864261445,0,petit
1.662772244,-0.863931488,26,petit
1.002536145,-0.863331759,20,petit
-1.937469988,-0.863020303,0,petit
-0.922532169,-0.86191452,0,petit
1.056539091,-0.861080535,11,petit
-1.885927177,-0.86052493,0,petit
0.955159529,-0.860388007,30,grand
-0.059800833,-0.859857593,0,petit
0.822395973,-0.859753594,25,grand
1.531903189,-0.859059774,10,petit
-1.206182169,-0.858759472,0,petit
-1.912649607,-0.858634737,0,petit
1.896359888,-0.858457443,24,petit
0.347534351,-0.85744226,0,grand
-1.395588739,-0.857066848,0,petit
0.885408799,-0.854659972,26,grand
-1.351984646,-0.852615678,0,petit
1.462558357,-0.852408446,19,petit
-0.667975552,-0.852089037,0,petit
-0.178477285,-0.851798831,0,petit
-2.135985434,-0.851447651,0,petit
-0.360538507,-0.851216163,0,petit
0.495344531,-0.850334733,0,grand
1.976783961,-0.849906754,20,petit
0.032903394,-0.848548388,0,petit
1.112423229,-0.848525401,20,petit
1.782285857,-0.847646143,22,petit
0.348032458,-0.846938512,0,grand
-1.686433002,-0.845509568,0,petit
0.999022215,-0.844441972,20,grand
0.060062552,-0.844378902,0,grand
-0.775646143,-0.84319701,0,petit
0.989064893,-0.843058387,10,grand
0.143148476,-0.842786986,0,grand
-0.004859494,-0.841624907,0,petit
0.211177257,-0.840716701,0,grand
-0.605057471,-0.84062733,0,petit
0.316582023,-0.839851844,0,grand
0.170011994,-0.838500507,0,grand
0.360512917,-0.838372016,0,grand
-1.75871231,-0.838056726,0,petit
0.218010421,-0.836240856,0,grand
1.805662325,-0.836188263,16,grand
0.654081599,-0.836111264,29,grand
-0.674783837,-0.835005173,0,petit
-1.960333337,-0.834736019,0,petit
1.515729582,-0.83433217,11,petit
-0.587506227,-0.83356483,0,petit
0.819953086,-0.832445426,8,grand
1.628999639,-0.831324706,26,petit
-0.427007376,-0.830778418,0,petit
-0.990880244,-0.830457487,0,petit
-0.084968446,-0.830334697,0,grand
-0.584522379,-0.828778424,0,petit
1.733593352,-0.828401692,11,petit
-1.195957233,-0.82832754,0,petit
1.312821128,-0.828234985,11,petit
1.26127033,-0.827431969,11,petit
-1.931990448,-0.827256576,0,petit
0.173401618,-0.825533162,0,grand
0.169194102,-0.825201835,0,grand
-0.729138533,-0.825135708,0,petit
1.454774685,-0.823208929,15,petit
-1.769029504,-0.822331496,0,petit
-1.624031926,-0.82093966,0,petit
0.89065276,-0.820477366,26,grand
-1.958688854,-0.818170195,0,petit
0.228815801,-0.817279709,0,grand
-0.202413204,-0.816926605,0,petit
-0.984954983,-0.816868964,0,petit
-0.989297656,-0.816452549,0,petit
-1.168979339,-0.815639274,0,petit
-1.884405226,-0.814895753,0,petit
0.326867518,-0.814875152,0,grand
-0.804410513,-0.814416269,0,petit
1.510511335,-0.814371485,17,petit
1.007695727,-0.812420173,19,grand
-0.970820724,-0.812177081,0,petit
0.514745856,-0.811774442,22,grand
-0.010212353,-0.810504584,0,grand
-0.306164055,-0.808870838,0,petit
-1.655952138,-0.806442196,0,petit
1.664133256,-0.806359912,17,petit
1.53432844,-0.8059952,24,petit
1.868335439,-0.805988733,25,petit
1.537394908,-0.805923629,29,petit
-1.951473632,-0.80525144,0,petit
-1.889359057,-0.804849001,0,petit
-1.458634672,-0.804639868,0,petit
-0.243821335,-0.802549901,0,petit
-0.049330103,-0.799058785,0,petit
1.995588215,-0.798942918,10,petit
-0.052958962,-0.798616387,0,petit
1.649269529,-0.797270751,28,petit
-1.17767083,-0.796179813,0,petit
0.18435664,-0.795497367,0,grand
-1.94046789,-0.793529818,0,petit
0.370863804,-0.79352006,0,grand
-0.302920996,-0.792851556,0,petit
0.821728505,-0.792767879,24,grand
0.787340316,-0.789621478,13,grand
-0.386349115,-0.78920776,0,petit
0.83956014,-0.789026874,8,grand
1.339488999,-0.788656097,29,petit
1.076670439,-0.788481906,22,grand
-1.573850686,-0.788244092,0,petit
1.683862641,-0.787202545,10,petit
0.109990959,-0.787080845,0,grand
0.822872964,-0.787049335,18,grand
-2.030770481,-0.786836968,0,petit
1.308126684,-0.786591331,11,petit
-0.260080431,-0.785322458,0,petit
-0.399761839,-0.78513375,0,petit
0.039124452,-0.785024641,0,grand
1.338430602,-0.783905305,29,petit
-0.058139273,-0.783048664,0,petit
-1.675692179,-0.780555529,0,petit
-0.124372138,-0.779899031,0,petit
1.898633748,-0.777926407,15,petit
-0.035666223,-0.777733032,0,grand
-1.857353108,-0.776099826,0,petit
-1.10643271,-0.774560924,0,petit
1.894227999,-0.773822482,21,petit
2.102988103,-0.773345696,18,petit
1.161781125,-0.773021168,21,petit
0.699471768,-0.772999629,30,grand
1.26644632,-0.772461483,19,petit
-0.221103333,-0.770959383,0,petit
-1.476054207,-0.770939985,0,petit
-1.712411891,-0.77087176,0,petit
0.184132136,-0.770244113,0,grand
0.935710617,-0.770115375,18,grand
-0.798995622,-0.769911529,0,petit
1.230100821,-0.769813164,15,petit
0.155621396,-0.769804223,0,grand
-0.298520626,-0.769097815,0,petit
-0.903525563,-0.767881443,0,petit
-1.101639971,-0.767841682,0,petit
-0.79609686,-0.767680825,0,petit
-0.296556035,-0.767166842,0,petit
0.518553706,-0.766145235,25,grand
-0.307719255,-0.766013982,0,petit
0.457652525,-0.76502839,0,grand
0.269532057,-0.764435792,0,grand
1.606120597,-0.764214368,26,petit
1.554802276,-0.763904638,27,petit
-1.02527099,-0.763462793,0,petit
-0.827470797,-0.763438837,0,petit
1.266870172,-0.763392635,18,petit
0.488897134,-0.763331578,0,grand
0.488096522,-0.762801836,0,grand
-0.597524989,-0.761548404,0,petit
0.998663197,-0.761457668,14,petit
-1.844106616,-0.759550467,0,petit
0.042191276,-0.759181117,0,grand
-0.672734331,-0.759124652,0,petit
-0.210984524,-0.759026491,0,petit
1.164042276,-0.759001977,9,petit
-1.721851739,-0.757841285,0,petit
1.028767445,-0.757340911,30,grand
0.323293409,-0.75650986,0,grand
0.715882825,-0.755928779,13,grand
-1.30628122,-0.755222901,0,petit
0.803265617,-0.753912706,19,grand
-1.697590111,-0.753663244,0,petit
-1.208463425,-0.753252662,0,petit
-1.647430784,-0.753141929,0,petit
-0.793835544,-0.752238763,0,petit
0.806537068,-0.750790915,12,grand
0.109649547,-0.748483484,0,grand
-1.798529319,-0.745840758,0,petit
-0.849039666,-0.745098137,0,petit
-0.456206591,-0.744378913,0,petit
1.061729717,-0.742768427,10,grand
-2.096563715,-0.742670389,0,petit
-2.031553805,-0.741622406,0,petit
-0.6043574,-0.741091329,0,petit
-0.869920765,-0.740745406,0,petit
-0.938644701,-0.740583821,0,petit
1.183360635,-0.740470827,22,petit
0.795279261,-0.740421235,17,grand
-1.5499099,-0.7402568,0,petit
1.051469237,-0.740187344,13,grand
1.732497403,-0.739053618,23,petit
-1.535236196,-0.737912628,0,petit
-0.193085646,-0.737748101,0,petit
1.903043021,-0.735554125,8,petit
-0.422175038,-0.732945027,0,petit
-0.696557135,-0.732811876,0,petit
-0.368287527,-0.732191769,0,petit
1.229153398,-0.730625326,26,petit
-0.678229168,-0.73005829,0,petit
-1.230126344,-0.728970639,0,petit
0.327741824,-0.727933717,0,grand
-1.057193917,-0.727651558,0,petit
-1.524469228,-0.727649589,0,petit
0.398299854,-0.727575446,0,grand
1.573609773,-0.726538225,29,petit
1.746022014,-0.726536843,17,petit
-1.031596931,-0.726269009,0,petit
1.41623815,-0.725258223,14,petit
0.651831332,-0.724664428,30,grand
0.059642756,-0.724293696,0,grand
1.776206492,-0.72296842,25,petit
0.081517435,-0.722830918,0,petit
1.240762397,-0.722519176,20,petit
-1.349600021,-0.72240038,0,petit
1.336473364,-0.722293855,15,petit
-1.833948604,-0.722272914,0,petit
-0.110857926,-0.721863921,0,grand
-1.776710289,-0.721714728,0,petit
-0.790806508,-0.721130445,0,petit
1.733093376,-0.72057173,13,petit
-1.142057627,-0.719277622,0,petit
-0.298720976,-0.719142089,0,petit
1.791400442,-0.718666423,8,petit
-0.113632584,-0.718650293,0,grand
0.286553051,-0.717770344,0,grand
-0.806115855,-0.716715328,0,petit
0.858370664,-0.716595733,15,petit
-1.727795059,-0.713858885,0,petit
1.728266857,-0.712720987,23,petit
1.441513914,-0.712655728,16,petit
0.4697928,-0.712640353,0,grand
0.712234087,-0.712125793,14,grand
-0.701761646,-0.71134812,0,petit
-0.119529567,-0.710972841,0,petit
0.165609265,-0.710750198,0,grand
1.818896341,-0.710593914,15,petit
-1.209400254,-0.710396182,0,petit
-1.759068482,-0.707751443,0,petit
-0.158964274,-0.707505853,0,petit
1.810725689,-0.707450825,20,petit
1.065374139,-0.707152709,8,petit
-1.503487958,-0.706254573,0,petit
0.517752557,-0.704462955,29,grand
-0.486884109,-0.702831748,0,petit
0.327868875,-0.702709547,0,grand
-1.576775007,-0.702127079,0,petit
-0.693077613,-0.702033948,0,petit
-1.193975512,-0.701457693,0,petit
1.725475362,-0.701366068,17,petit
-0.924635696,-0.700861848,0,petit
-0.649075532,-0.700186187,0,petit
1.339566662,-0.69971371,11,petit
1.901840613,-0.699601514,17,petit
-0.868536469,-0.699543726,0,petit
-0.012228899,-0.699060788,0,petit
0.133528616,-0.69831984,0,grand
0.801242669,-0.696355352,14,grand
-0.108363505,-0.696099192,0,petit
1.594184666,-0.695582681,14,petit
-1.309468583,-0.694642157,0,petit
-0.842616249,-0.693543141,0,petit
-1.628398823,-0.691542577,0,petit
-1.925208943,-0.690937902,0,petit
-0.720687625,-0.690937535,0,petit
-0.263062213,-0.690612857,0,petit
0.386717511,-0.690072516,0,grand
-0.669565787,-0.690039283,0,petit
0.863621201,-0.689749101,19,grand
-2.006267463,-0.689432587,0,petit
0.924399737,-0.689294859,25,grand
-0.60911351,-0.689007936,0,petit
1.815482958,-0.688167494,23,petit
1.820040183,-0.683758127,26,petit
-0.151129246,-0.683445439,0,petit
-0.778050682,-0.683119651,0,petit
-1.718587815,-0.682734552,0,petit
-1.293023685,-0.682647705,0,petit
0.986278832,-0.682097019,10,petit
1.02432132,-0.68202666,28,petit
-1.19805595,-0.677416556,0,petit
0.248562426,-0.67541945,0,grand
-0.846753534,-0.675267018,0,petit
-1.271233469,-0.674899018,0,petit
1.098912763,-0.674858951,15,petit
0.984247498,-0.674713895,13,grand
1.152604418,-0.674519249,28,petit
0.416735519,-0.674156752,0,grand
-1.913829123,-0.673367338,0,petit
-1.764470615,-0.67294513,0,petit
-1.694196141,-0.672371703,0,petit
0.232138731,-0.670900079,0,grand
-0.834576038,-0.670877878,0,petit
1.28211595,-0.670862561,29,petit
0.876621503,-0.670759106,24,grand
-1.189144774,-0.670564693,0,petit
-0.32201156,-0.670560781,0,petit
-0.661990219,-0.67021487,0,petit
1.197181729,-0.669682316,26,petit
1.780078813,-0.669188065,9,petit
0.37813583,-0.668443717,0,grand
-0.78129798,-0.668425566,0,petit
1.596952907,-0.667533287,26,petit
1.278822271,-0.667454057,16,petit
-1.223671405,-0.666519593,0,petit
0.358288489,-0.664135324,0,grand
1.797072091,-0.664096829,11,petit
0.911409404,-0.663934246,11,grand
0.259821074,-0.661920487,0,grand
1.711173664,-0.661750289,30,petit
-1.714932161,-0.66067419,0,petit
1.057991767,-0.660225823,13,petit
-0.622107965,-0.6557911,0,petit
1.27477477,-0.654726449,29,petit
-1.269714987,-0.654482387,0,petit
-1.273820332,-0.653576018,0,petit
-0.45851014,-0.653203838,0,petit
0.811861258,-0.652874588,27,grand
-1.1550991,-0.652199267,0,petit
-1.16280154,-0.65198287,0,petit
-0.591105595,-0.650608768,0,petit
-0.064530323,-0.6502113,0,petit
-0.184307308,-0.649310969,0,petit
-1.172180812,-0.646502925,0,petit
-0.214489394,-0.643660671,0,petit
-0.200688683,-0.640912956,0,grand
0.42467423,-0.640862689,0,grand
1.315733364,-0.639874525,14,petit
1.526630958,-0.639645915,12,petit
-1.899472118,-0.63932986,0,petit
-0.26666537,-0.638926971,0,petit
1.154253765,-0.636383154,16,petit
-0.996816381,-0.636288113,0,petit
1.472868591,-0.63614728,29,petit
0.472644486,-0.635906071,0,grand
1.975602967,-0.634743147,22,petit
1.084502613,-0.631936737,10,petit
-1.649465877,-0.631244904,0,petit
1.026635218,-0.630848286,26,petit
-0.169231414,-0.63058558,0,petit
-1.325638553,-0.630493844,0,petit
-0.402902832,-0.62809769,0,petit
-1.732973191,-0.627370991,0,petit
0.082185117,-0.62730484,0,grand
0.764130589,-0.625798479,24,grand
0.955247158,-0.625634869,17,grand
-1.489239074,-0.62411652,0,petit
1.226082819,-0.623836791,26,petit
-1.274779564,-0.623301145,0,petit
-1.846467302,-0.622087701,0,petit
-0.482750167,-0.622071487,0,petit
1.240200078,-0.621518496,23,petit
0.169041772,-0.620022857,0,grand
0.895476296,-0.618693314,20,grand
-1.628583742,-0.618392555,0,petit
0.594181144,-0.617989767,19,grand
0.803134887,-0.614772727,24,grand
0.884982314,-0.614542003,25,petit
-1.87849878,-0.613605641,0,petit
1.26858092,-0.61344857,22,petit
1.450482654,-0.61312366,16,petit
-0.101377755,-0.612663004,0,petit
1.654024527,-0.612229648,17,petit
0.576793363,-0.611879624,16,grand
1.750130534,-0.61125478,13,petit
-0.653990799,-0.610210506,0,petit
2.045068,-0.60953876,8,petit
1.476459716,-0.607296348,25,petit
1.881499268,-0.607179114,19,petit
0.335132642,-0.606834006,0,grand
-1.330060778,-0.606719195,0,petit
-0.968856333,-0.606100509,0,petit
-0.508274332,-0.605977156,0,petit
0.327729838,-0.605546077,0,grand
-0.741691099,-0.604764876,0,petit
-0.754336858,-0.60469712,0,petit
1.698086572,-0.604668002,29,petit
-0.394133385,-0.603081494,0,petit
-1.789252953,-0.600880351,0,petit
-1.778525443,-0.599826549,0,petit
0.499236867,-0.598894207,17,grand
-0.108003658,-0.598511227,0,petit
0.131983442,-0.598407635,0,grand
0.248871657,-0.597320302,0,grand
-0.972983325,-0.596494045,0,petit
-1.065663869,-0.595453301,0,petit
-1.929648015,-0.594980011,0,petit
0.363904213,-0.594838319,0,grand
1.923529483,-0.594707118,10,petit
1.130054642,-0.594577712,30,petit
1.422290783,-0.593761345,14,petit
0.507523448,-0.59333752,14,grand
0.021371281,-0.593312081,0,petit
-1.497401272,-0.593166572,0,petit
0.154635188,-0.593025742,0,grand
-0.884885524,-0.590688662,0,petit
-1.295647068,-0.590464604,0,petit
1.742574647,-0.589823807,22,petit
0.979535925,-0.589750724,16,grand
-1.749896865,-0.58949797,0,petit
0.020050614,-0.586211953,0,grand
0.228442108,-0.585551972,0,grand
-0.953903004,-0.584854729,0,petit
-0.468207512,-0.584709453,0,petit
0.313732441,-0.584609388,0,grand
-1.912288041,-0.584574798,0,petit
0.156596037,-0.584421433,0,grand
-0.924150206,-0.582975412,0,petit
-0.569856626,-0.582758242,0,petit
1.243150925,-0.581093327,12,petit
-1.628328784,-0.58062799,0,petit
1.217939629,-0.580095077,30,petit
0.934140257,-0.579969971,25,petit
1.394315858,-0.579670277,15,petit
1.074250023,-0.579430023,24,petit
-0.856756641,-0.578731499,0,petit
1.219407732,-0.578636793,22,petit
-1.432418292,-0.57806186,0,petit
1.401375502,-0.577544762,30,petit
-1.947230787,-0.577454817,0,petit
-0.26220098,-0.577430386,0,petit
0.419146882,-0.577374558,0,grand
0.556217778,-0.576930626,13,grand
-0.87736078,-0.576679585,0,petit
1.177863519,-0.575585653,9,petit
-1.372556806,-0.575203726,0,petit
0.613313427,-0.57514412,19,grand
0.779647497,-0.574863786,18,grand
-1.084593265,-0.5748432,0,petit
0.750163877,-0.574223659,9,grand
0.582669964,-0.573116738,23,grand
1.980215055,-0.572692047,28,petit
-1.239858523,-0.571641854,0,petit
1.278365176,-0.57088397,30,petit
1.901598587,-0.570332236,19,petit
-1.09139178,-0.56936007,0,petit
-1.696804051,-0.568797932,0,petit
0.571406314,-0.568246117,15,grand
-1.720593795,-0.567074625,0,petit
-0.835460388,-0.566575046,0,petit
-1.287944926,-0.565807993,0,petit
0.530849064,-0.565554227,19,grand
0.714450317,-0.565435785,16,grand
-1.7001489,-0.565338613,0,petit
1.717460963,-0.563710495,10,petit
0.432894036,-0.563383361,0,grand
1.041106628,-0.563155948,28,petit
1.45060634,-0.562714126,28,petit
0.125529926,-0.561721522,0,grand
1.20951473,-0.561068441,13,petit
-0.082592291,-0.560931152,0,petit
1.52865869,-0.559375441,21,petit
-1.922745338,-0.558822153,0,petit
1.690288317,-0.558812519,8,petit
0.438210789,-0.557667768,0,grand
-1.858865762,-0.557467949,0,petit
-1.335321751,-0.557419488,0,petit
-0.014700388,-0.557255854,0,grand
-0.751665956,-0.556761908,0,petit
-0.942027702,-0.55651594,0,petit
0.577486589,-0.556364057,24,grand
-0.924007592,-0.556358239,0,petit
1.501559086,-0.556065303,24,petit
-0.869726162,-0.555907831,0,petit
-1.374003401,-0.554651251,0,petit
1.683261756,-0.55406836,12,petit
1.736978346,-0.553296178,19,petit
-0.781370262,-0.553068888,0,petit
0.896879188,-0.552482403,11,grand
-0.806211602,-0.551907232,0,petit
1.587937555,-0.551537707,8,petit
1.363721957,-0.551463335,29,petit
0.541274342,-0.551110003,12,grand
1.439585636,-0.550537952,29,petit
1.23340664,-0.549453595,26,petit
-0.129946828,-0.548965106,0,petit
-1.903164511,-0.548162073,0,petit
0.400424481,-0.547736433,0,grand
-0.670493983,-0.546346202,0,petit
0.892251334,-0.544225278,19,grand
-0.921458218,-0.544222016,0,petit
1.209512868,-0.543404957,12,petit
1.184427931,-0.541664819,10,petit
0.89136197,-0.540811843,28,grand
-0.101911389,-0.540435296,0,petit
1.932564992,-0.540278575,17,petit
1.787116375,-0.539655159,9,petit
1.817255552,-0.539487518,13,petit
-1.478507446,-0.539314691,0,petit
-0.545244254,-0.539287006,0,petit
0.09257139,-0.538491243,0,grand
-0.810007616,-0.5380421,0,petit
0.107251474,-0.537066424,0,grand
1.243498941,-0.536720143,24,petit
0.645307221,-0.5366071,9,grand
-0.835885862,-0.535759534,0,petit
0.942468467,-0.535502679,18,grand
1.549828518,-0.535002351,29,petit
0.995256086,-0.534198845,17,petit
-1.650803839,-0.533395808,0,petit
-0.760108073,-0.53232503,0,petit
0.497216357,-0.530458568,0,grand
-0.262141668,-0.529552854,0,petit
-1.361565855,-0.529390857,0,petit
-1.482205851,-0.527998822,0,petit
0.412820588,-0.527105704,0,grand
-1.353417535,-0.52665849,0,petit
1.847444859,-0.524921934,28,petit
1.00283086,-0.524782872,16,grand
-1.640219434,-0.524103289,0,petit
1.794830595,-0.522563614,25,petit
-0.066934996,-0.522120664,0,petit
-1.487506402,-0.521842371,0,petit
2.081667371,-0.520941162,26,petit
0.180630562,-0.520685888,0,grand
-0.958217371,-0.520622275,0,petit
-0.647329104,-0.520282347,0,petit
1.054952451,-0.518945372,29,petit
0.85825307,-0.518635286,13,grand
0.235230018,-0.517469349,0,grand
-1.986407818,-0.517401868,0,petit
0.650903636,-0.515925233,24,grand
1.556795826,-0.514984314,28,petit
-0.932509923,-0.514678612,0,petit
0.392742224,-0.514154748,0,grand
0.089015672,-0.510559954,0,grand
0.60623721,-0.510539858,18,grand
-1.843223014,-0.510039431,0,petit
1.22920807,-0.508898843,12,petit
-0.610407978,-0.508489224,0,petit
-1.170098988,-0.508156338,0,petit
1.384953475,-0.5060156,9,petit
0.853399469,-0.50563025,17,grand
0.646511883,-0.504995274,22,grand
0.665805922,-0.504696114,18,grand
-1.279900416,-0.504628317,0,petit
1.153340497,-0.503046415,15,petit
1.915043658,-0.502808424,22,petit
1.239757035,-0.502487663,23,petit
0.195996571,-0.502025162,0,grand
1.937707134,-0.501593459,13,petit
-0.060998607,-0.501041361,0,grand
-0.992420265,-0.500800006,0,petit
-1.080921682,-0.500231945,0,petit
1.549338352,-0.499056267,30,petit
0.315944226,-0.498770633,0,grand
-0.853189926,-0.497094469,0,petit
-0.575316252,-0.496341015,0,petit
0.90255995,-0.494851002,26,grand
-1.46213919,-0.493924165,0,petit
-1.427130061,-0.492802155,0,petit
-0.571724414,-0.491826031,0,petit
0.75605902,-0.491023165,28,grand
1.301414127,-0.490553166,11,petit
0.049600981,-0.488858576,0,grand
0.579436918,-0.487500379,28,grand
1.116196243,-0.487396447,19,grand
0.706234549,-0.487378036,11,grand
-0.973081139,-0.484648771,0,petit
-0.857538958,-0.484318069,0,petit
1.725651634,-0.484129232,28,petit
-1.053912251,-0.484002917,0,petit
0.306721309,-0.483215423,0,grand
-0.784810913,-0.48317045,0,petit
-0.312556018,-0.482976117,0,petit
1.299098764,-0.482104017,18,petit
0.640466011,-0.482036374,24,grand
-1.838473628,-0.481838439,0,petit
0.456118273,-0.481717611,0,grand
-0.902057588,-0.481587477,0,petit
-1.492096877,-0.481414329,0,petit
0.343600204,-0.480233513,0,grand
0.758921838,-0.480122919,28,grand
-1.694087524,-0.478935116,0,petit
-1.140218764,-0.478486601,0,petit
-0.273380827,-0.478301899,0,petit
-1.252642299,-0.477878386,0,petit
0.408214445,-0.477394524,0,grand
-0.642164512,-0.476867021,0,petit
-0.477420146,-0.476862484,0,petit
0.614164313,-0.476013994,26,grand
0.386316896,-0.475401,0,grand
0.12338797,-0.4744031,0,grand
-1.859294875,-0.473828864,0,petit
-1.364918546,-0.473793045,0,petit
1.261363282,-0.473732064,18,petit
-1.271439674,-0.471837789,0,petit
0.724213077,-0.471558839,24,grand
0.772003257,-0.47153482,28,grand
-0.430609274,-0.471449811,0,petit
-1.906989395,-0.470256936,0,petit
-1.330009393,-0.469545267,0,petit
-1.648899459,-0.469362187,0,petit
0.167013455,-0.467636917,0,grand
-0.486789749,-0.467424909,0,petit
0.32026797,-0.466275306,0,grand
0.951211818,-0.464360293,9,petit
-1.376614802,-0.463033834,0,petit
2.122531393,-0.462407782,26,petit
-0.660216238,-0.462050302,0,petit
0.358595859,-0.461478886,0,grand
1.833984727,-0.461441993,20,petit
1.435394256,-0.459382061,26,petit
-1.487851808,-0.458598695,0,petit
-0.295903202,-0.45782959,0,petit
-0.35178244,-0.457208721,0,petit
-1.445511487,-0.456629112,0,petit
-0.683269569,-0.456581703,0,petit
1.292096657,-0.456254872,8,petit
0.889548398,-0.455728946,27,grand
-1.874374894,-0.454937297,0,petit
0.793920015,-0.45397947,22,grand
-0.966931371,-0.453011108,0,petit
-1.281244258,-0.452720061,0,petit
-0.80894801,-0.452233292,0,petit
1.219885902,-0.451905652,26,petit
-1.402930588,-0.451861462,0,petit
1.1142932,-0.451080069,14,petit
0.594315655,-0.449078728,21,grand
-0.686147191,-0.448845319,0,petit
1.077805361,-0.447826254,26,petit
-1.99204263,-0.44754052,0,petit
-0.607454254,-0.446443036,0,petit
1.728931427,-0.44621348,25,petit
0.639107243,-0.445890037,17,grand
-0.48234024,-0.445831631,0,petit
-0.693599727,-0.445540266,0,petit
0.219748366,-0.444933139,0,grand
0.69193291,-0.44358494,12,grand
-0.50539987,-0.443153415,0,petit
-0.948526922,-0.442507554,0,petit
-1.41274105,-0.441805986,0,petit
2.059072209,-0.441727426,22,petit
0.823878982,-0.441430562,25,grand
1.652026312,-0.440367969,13,petit
1.280760504,-0.44004839,29,petit
0.7774905,-0.439454552,18,grand
-0.18274807,-0.439396961,0,petit
1.677368234,-0.438111798,17,petit
1.689333765,-0.437985886,26,petit
0.031614096,-0.43787501,0,petit
1.631948977,-0.437474147,23,petit
1.614744029,-0.437436606,21,petit
-1.063456916,-0.437145743,0,petit
0.920791341,-0.437077523,12,grand
-0.851279897,-0.436331997,0,petit
-0.943776938,-0.436129407,0,petit
0.022917636,-0.434529839,0,grand
1.990287207,-0.43259574,15,petit
0.320427752,-0.431061636,0,grand
1.576059071,-0.43066633,9,petit
1.04879993,-0.43016095,25,petit
1.388241618,-0.429693457,29,petit
-0.826844927,-0.429149707,0,petit
-1.259518063,-0.426932061,0,petit
-0.222963631,-0.426352941,0,petit
0.329222149,-0.426034087,0,grand
-0.6602449,-0.425764939,0,petit
0.884175807,-0.42572417,17,grand
0.818141699,-0.424310996,11,grand
1.24614305,-0.423628238,9,petit
2.007645159,-0.423266655,29,petit
0.987353772,-0.422763401,11,petit
-1.454539748,-0.422747214,0,petit
1.834729202,-0.422187335,21,petit
0.927271056,-0.421747901,23,grand
-0.585195826,-0.420365844,0,petit
0.098044111,-0.419504336,0,grand
-0.132280637,-0.417984976,0,petit
-1.601676228,-0.417846125,0,petit
1.886708479,-0.416929783,10,petit
-1.232639517,-0.416319042,0,petit
-1.749355409,-0.415766113,0,petit
1.057314765,-0.414092928,19,petit
0.203034868,-0.41401804,0,grand
-1.09538456,-0.412877079,0,petit
-1.240323018,-0.412770755,0,petit
-1.6827946,-0.412480012,0,petit
1.260282645,-0.412068484,13,petit
0.413772897,-0.411638306,0,grand
1.600074133,-0.411402324,17,petit
-0.467769156,-0.410520001,0,petit
0.675885169,-0.40948588,9,grand
1.234475332,-0.408305605,12,petit
-0.071277236,-0.408046352,0,petit
1.928152003,-0.407862814,20,petit
-0.354452991,-0.407503091,0,petit
0.840843378,-0.406683687,14,grand
0.844313567,-0.406480911,20,grand
1.702121783,-0.405019186,9,petit
-1.137075726,-0.404968974,0,petit
1.734326152,-0.40476283,14,petit
-1.369429109,-0.404301957,0,petit
1.44334477,-0.403674922,12,petit
2.011450037,-0.403126786,15,petit
1.101991931,-0.403091355,22,petit
1.814154849,-0.402990951,8,petit
-2.001905024,-0.402105354,0,petit
0.686235539,-0.401906896,26,grand
0.412349211,-0.401874192,0,grand
-0.645091449,-0.401362175,0,petit
-1.803314477,-0.400353708,0,petit
0.83521836,-0.400134922,21,grand
-0.821742112,-0.396999905,0,petit
-0.103313168,-0.395914438,0,petit
-0.810055775,-0.39574997,0,petit
-1.761431042,-0.393603253,0,petit
0.233990654,-0.392963599,0,grand
1.430015725,-0.392825581,20,petit
0.683694711,-0.392596555,10,grand
-1.502013223,-0.391476655,0,petit
0.077032303,-0.391185067,0,grand
1.411474339,-0.390647353,18,petit
-0.001054421,-0.389858026,0,grand
1.094792597,-0.389340505,26,grand
-1.528874526,-0.388816557,0,petit
-0.348513987,-0.387250173,0,petit
-1.473651889,-0.386572639,0,petit
-0.191712568,-0.386338685,0,petit
0.634822666,-0.385720573,27,grand
1.080730903,-0.385363978,21,petit
0.566740392,-0.384353428,30,grand
1.885710776,-0.38418893,23,petit
1.502746756,-0.383372297,27,petit
0.524231109,-0.382836516,22,grand
-0.989500403,-0.382067874,0,petit
-0.947163227,-0.381346207,0,petit
1.716694884,-0.379466165,18,petit
-0.953011948,-0.378999789,0,petit
0.565528545,-0.378656306,22,grand
-0.506901333,-0.378453432,0,petit
0.247730854,-0.378451466,0,grand
0.678691509,-0.378098491,27,grand
0.78986493,-0.377937956,18,grand
1.497065338,-0.377653244,22,petit
0.57628003,-0.374455413,15,grand
-0.324763354,-0.374118951,0,petit
0.371120864,-0.373293404,0,grand
0.991171786,-0.372969992,11,petit
1.014271606,-0.372737644,10,petit
-0.399889452,-0.372050203,0,petit
1.40296184,-0.370412193,25,petit
0.931303137,-0.369024775,9,grand
-0.543624978,-0.367813989,0,petit
0.8788541,-0.367530904,21,grand
0.648570605,-0.367316063,8,grand
0.577353628,-0.365766065,15,grand
-0.231129636,-0.364108656,0,petit
0.358683667,-0.364030773,0,grand
-0.439235628,-0.363459194,0,petit
1.48560736,-0.362719708,17,petit
0.739883527,-0.360747943,30,grand
-0.449080233,-0.360742078,0,petit
-1.923878883,-0.360681045,0,petit
-1.103884728,-0.35961584,0,petit
0.789780889,-0.358824732,9,grand
1.290590501,-0.358126115,28,petit
1.662990288,-0.355726879,11,petit
0.968984373,-0.355334831,27,grand
-1.156671191,-0.355054573,0,petit
0.995369592,-0.354428933,19,petit
1.452141063,-0.354219796,28,petit
1.78382716,-0.353600712,30,petit
0.444169063,-0.353456263,0,grand
-0.641641225,-0.350692262,0,petit
-1.456014395,-0.350258684,0,petit
1.163591646,-0.35025547,29,petit
1.143886757,-0.34877423,27,petit
0.173659598,-0.348530911,0,petit
-1.76114757,-0.348082593,0,petit
-1.110385365,-0.347745968,0,petit
1.264354558,-0.347133055,30,petit
0.494303579,-0.347053177,0,grand
0.232454043,-0.346040792,0,grand
1.266227594,-0.345674636,8,petit
-0.646632824,-0.345566755,0,petit
0.997432513,-0.343202241,20,petit
0.623164953,-0.343058271,29,grand
1.676649231,-0.341251504,18,petit
-1.657914285,-0.340927349,0,petit
1.915933538,-0.340924514,19,petit
-0.084213748,-0.34089771,0,petit
-1.304891242,-0.340499829,0,petit
-0.536404447,-0.338382427,0,petit
-0.928187453,-0.338218052,0,petit
-0.069243756,-0.336776447,0,petit
1.729665732,-0.336470696,20,petit
-0.499272364,-0.336434237,0,petit
-1.183418349,-0.336322959,0,petit
1.446329326,-0.334561526,15,petit
-1.34191481,-0.334467187,0,petit
0.770377471,-0.332890109,27,grand
-1.480581963,-0.3326568,0,petit
-0.595319283,-0.331491258,0,petit
1.3883033,-0.331106636,15,petit
1.74342323,-0.331027213,19,petit
-0.233351014,-0.330787843,0,petit
-0.440898098,-0.329071966,0,petit
-1.20102309,-0.328957891,0,petit
0.730821043,-0.328923171,27,grand
0.371979429,-0.328882727,0,grand
-0.017418352,-0.328841865,0,grand
-1.205207261,-0.328590593,0,petit
-0.030569556,-0.328541593,0,petit
1.186480261,-0.328290328,13,petit
-0.837981627,-0.328225069,0,petit
0.020050222,-0.327069365,0,grand
-1.405317527,-0.327068494,0,petit
1.827501181,-0.325766032,18,petit
0.3232874,-0.324002919,0,grand
-1.695024466,-0.321514365,0,petit
-1.096849586,-0.321160392,0,petit
-0.711384376,-0.321125836,0,petit
0.786287726,-0.319309112,14,grand
1.769785331,-0.319024827,9,petit
-1.793876263,-0.318916238,0,petit
1.711947903,-0.318914978,21,petit
2.159660081,-0.315887972,22,petit
-0.649968505,-0.315651205,0,petit
-1.337620118,-0.315412161,0,petit
-1.649886263,-0.314930037,0,petit
-1.695094236,-0.314870879,0,petit
-0.098560703,-0.314227453,0,petit
1.821541748,-0.314181648,29,petit
-0.962731053,-0.314156254,0,petit
-1.64736008,-0.313739947,0,petit
-0.591065719,-0.31365741,0,petit
0.425196795,-0.313062347,0,grand
0.460587584,-0.310881135,0,grand
0.392432084,-0.310586909,0,grand
1.174934529,-0.309461955,18,petit
-0.703287724,-0.308734035,0,petit
-0.484294358,-0.308191466,0,petit
1.860700131,-0.307511115,10,petit
-1.367512442,-0.307038084,0,petit
0.224487827,-0.305462359,0,grand
-1.072256509,-0.304486642,0,petit
-1.375585389,-0.304337725,0,petit
1.268198083,-0.303511699,9,petit
-0.43959451,-0.302707716,0,petit
-1.052410095,-0.301854251,0,petit
0.63901334,-0.29944439,8,grand
0.495423015,-0.298810928,0,grand
-1.875833013,-0.298033366,0,petit
1.542802702,-0.297453148,22,petit
1.742765888,-0.297358824,25,petit
-0.296116188,-0.295980501,0,petit
-0.899971567,-0.294909392,0,petit
-0.496708691,-0.292850113,0,petit
1.020640663,-0.292474975,16,petit
-0.414405328,-0.291105424,0,petit
-0.129154452,-0.289988971,0,petit
-1.295303725,-0.289442016,0,petit
-0.086706616,-0.289392394,0,petit
0.995839528,-0.288841625,16,grand
0.395392472,-0.288135066,0,grand
0.515680031,-0.287545075,10,grand
1.197791581,-0.287372588,15,petit
0.947557158,-0.287149558,27,grand
-1.954038654,-0.286860768,0,petit
1.830076567,-0.286732273,21,petit
-0.589974928,-0.286428979,0,petit
-0.785365183,-0.285957938,0,petit
-0.936659666,-0.285405394,0,petit
0.484306103,-0.285286576,0,grand
-1.336316452,-0.28528439,0,petit
0.377186803,-0.284853035,0,grand
-1.526929006,-0.284679931,0,petit
-1.269792892,-0.284403889,0,petit
1.739871114,-0.284244139,26,petit
-0.641315135,-0.284206207,0,petit
-0.989906483,-0.283324843,0,petit
-0.046504074,-0.28274804,0,grand
0.997451456,-0.282333133,24,petit
-0.623608003,-0.280533709,0,petit
-1.068634118,-0.279948631,0,petit
-1.45884308,-0.27990207,0,petit
0.933979949,-0.279581077,12,petit
-0.119187722,-0.279325225,0,petit
0.371708838,-0.279283185,0,grand
2.068303462,-0.278390976,25,petit
-1.950251027,-0.278022347,0,petit
0.345415145,-0.277096324,0,grand
-0.182468178,-0.27635534,0,petit
-1.01430658,-0.274596944,0,petit
1.819131902,-0.273561186,9,petit
1.787622285,-0.272452446,21,petit
0.760728648,-0.272365527,12,grand
0.226060208,-0.272131357,0,grand
1.231699882,-0.271654034,26,petit
1.313458588,-0.271409887,21,petit
-1.903159033,-0.271181642,0,petit
-0.21187259,-0.269265555,0,petit
0.140491821,-0.268379651,0,grand
0.755246975,-0.267864357,30,grand
1.848937253,-0.267099756,19,petit
1.277781117,-0.266832952,8,petit
-0.526626705,-0.266366318,0,petit
-0.715437984,-0.265735189,0,petit
-1.045169545,-0.265412172,0,petit
-1.826814432,-0.265166948,0,petit
-1.376739146,-0.263783339,0,petit
-0.469453038,-0.259472019,0,petit
-0.523690792,-0.256567724,0,petit
-0.390059762,-0.255666226,0,petit
0.83346417,-0.255421277,11,grand
1.875128925,-0.25512975,28,petit
-1.197467862,-0.251789144,0,petit
-0.126899696,-0.25133222,0,petit
-1.582965641,-0.250476755,0,petit
2.024923404,-0.249962123,13,petit
2.127100635,-0.249640408,21,petit
-0.052488393,-0.248007081,0,petit
1.502759212,-0.247830924,19,petit
-1.273125908,-0.247313361,0,petit
0.536566919,-0.247025337,18,grand
-0.292909523,-0.24677188,0,petit
-1.795494903,-0.246500865,0,petit
-0.549420585,-0.24615221,0,petit
0.601238326,-0.245941854,11,grand
1.241916696,-0.245757726,9,petit
0.227457065,-0.244640821,0,grand
-0.326421627,-0.244326363,0,petit
0.202154401,-0.242794553,0,grand
-1.476181098,-0.242646251,0,petit
-1.968270481,-0.24194871,0,petit
1.981222315,-0.240970491,30,petit
-1.928441516,-0.240003814,0,petit
-0.50695511,-0.239839847,0,petit
-1.311163974,-0.239333896,0,petit
-1.505038259,-0.238712824,0,petit
-1.616912288,-0.237885466,0,petit
-1.665154503,-0.236517498,0,petit
-0.737098315,-0.235571436,0,petit
2.012212539,-0.23469433,20,petit
1.776996877,-0.233892227,19,petit
-1.257901494,-0.233485198,0,petit
-0.420593947,-0.233161295,0,petit
0.857375507,-0.233079964,16,grand
1.42320513,-0.232289591,30,petit
-0.475467813,-0.232154875,0,petit
1.950777474,-0.232004428,15,petit
-1.577400427,-0.231917017,0,petit
-1.580386081,-0.229898026,0,petit
0.714058675,-0.229879035,19,grand
1.806554762,-0.229056279,25,petit
1.720108071,-0.228086099,14,petit
-1.446523397,-0.228073051,0,petit
-0.610361583,-0.227452836,0,petit
1.858430892,-0.227204093,18,petit
-1.324704821,-0.226352017,0,petit
-1.103089051,-0.223689633,0,petit
0.615991452,-0.221505272,17,grand
-1.358362285,-0.221484608,0,petit
-1.5679306,-0.221473186,0,petit
-0.813973354,-0.22069021,0,petit
0.83118367,-0.219952738,15,grand
0.975332241,-0.219569005,15,grand
0.344915202,-0.218062462,0,grand
1.564130408,-0.217733301,9,petit
1.453161018,-0.216239495,17,petit
0.168307422,-0.215883759,0,grand
-0.540529517,-0.215376902,0,petit
-1.126270795,-0.215041069,0,petit
0.008629579,-0.212851108,0,petit
0.427160165,-0.212729653,0,grand
-0.56195892,-0.212531888,0,petit
-0.993012161,-0.212475698,0,petit
0.48494113,-0.212115366,0,grand
-1.018469717,-0.211241083,0,petit
2.102663639,-0.21118198,28,grand
1.036333649,-0.210448866,19,petit
-0.423614644,-0.210309299,0,petit
1.90837243,-0.209907306,30,petit
-0.68509764,-0.209885415,0,petit
-1.63123818,-0.209231875,0,petit
-0.081966414,-0.208759117,0,grand
1.238346017,-0.207626647,12,petit
-0.703600198,-0.207478409,0,petit
-1.961962727,-0.207234262,0,petit
-0.226053247,-0.206607597,0,petit
1.389424736,-0.206431069,13,petit
-2.030245678,-0.205886259,0,petit
-0.471908245,-0.205867548,0,petit
1.410311514,-0.205247826,14,petit
-0.741620026,-0.203970609,0,petit
-0.915273536,-0.20395583,0,petit
1.994563212,-0.202349104,30,petit
0.233016572,-0.201500649,0,grand
1.143134406,-0.198667392,16,petit
-0.500023707,-0.197878968,0,petit
1.480601412,-0.196400366,9,petit
1.503523828,-0.196006403,13,petit
0.935611776,-0.195828464,13,petit
1.639059777,-0.195449501,16,petit
0.178607368,-0.193812317,0,grand
-0.438979147,-0.193734319,0,petit
0.454573234,-0.193591585,0,grand
-1.420722233,-0.193189433,0,petit
-0.622056968,-0.192997271,0,petit
0.445693103,-0.192092108,0,grand
-1.589314154,-0.191771933,0,petit
1.02013369,-0.191633756,12,grand
-1.67030691,-0.189127084,0,petit
1.964224972,-0.185539878,14,petit
0.18576926,-0.18496466,0,grand
0.281616034,-0.184416077,0,grand
0.692343988,-0.183545021,25,grand
-0.792923604,-0.182771309,0,petit
-1.733001976,-0.182693036,0,petit
-1.362004667,-0.182065416,0,petit
-0.052139256,-0.181943981,0,petit
-0.016305459,-0.181868818,0,grand
-0.368606165,-0.181232774,0,grand
1.449589704,-0.181200064,14,petit
-0.51546744,-0.180803828,0,petit
-0.408828359,-0.180647712,0,petit
1.899431449,-0.18052402,14,petit
1.052211356,-0.18039358,14,petit
-1.105849594,-0.179997817,0,petit
1.039089076,-0.179752252,18,grand
1.132579502,-0.179681975,18,petit
1.193478778,-0.179654101,25,petit
1.307070282,-0.179224699,26,petit
-1.20848398,-0.179161624,0,petit
0.721968635,-0.178935852,19,grand
0.784209826,-0.178717522,25,grand
-1.69460287,-0.176573445,0,petit
1.627221498,-0.176225861,19,petit
1.998551,-0.175335976,23,petit
-1.549789472,-0.174828136,0,petit
-1.103283036,-0.174691076,0,petit
-1.154747806,-0.174078352,0,petit
1.712599538,-0.173709497,18,petit
1.615339626,-0.173215586,25,petit
-0.182687751,-0.171717291,0,petit
0.088837454,-0.171099669,0,petit
-1.541212532,-0.170354765,0,petit
1.410244969,-0.169347806,24,petit
-0.66139935,-0.169321353,0,petit
1.917345172,-0.168993024,14,petit
-0.600749367,-0.168889712,0,petit
1.198751646,-0.168227946,15,petit
-1.804325411,-0.168180808,0,petit
0.293456734,-0.167824512,0,grand
-1.036617771,-0.16771806,0,petit
-1.515276678,-0.167484246,0,petit
-0.142061998,-0.166436617,0,petit
0.203722893,-0.166030175,0,grand
-1.202271907,-0.164524869,0,petit
1.410568493,-0.164150447,26,petit
1.162486514,-0.163889775,9,petit
-0.6554356,-0.163761178,0,petit
0.14605538,-0.163052466,0,grand
-0.758576487,-0.162670289,0,petit
1.843456705,-0.159211466,11,petit
-1.761089423,-0.15899023,0,petit
-1.363178516,-0.15871396,0,petit
-0.625135284,-0.157348571,0,petit
-1.185433379,-0.15727034,0,petit
1.258188851,-0.157270317,17,petit
0.852192128,-0.154872364,16,grand
-0.161134652,-0.154731653,0,petit
0.165155383,-0.154430214,0,grand
-1.2676775,-0.153957502,0,petit
-1.348498592,-0.152608036,0,petit
-0.983486164,-0.152356236,0,petit
-0.54174653,-0.152191424,0,petit
-1.785414308,-0.151569438,0,petit
0.056378485,-0.151369774,0,grand
-0.042012434,-0.150681682,0,petit
1.671788939,-0.150292194,21,petit
-1.074138767,-0.149914378,0,petit
-0.791038086,-0.149371756,0,petit
-0.432992454,-0.149091345,0,petit
-0.587898337,-0.148949939,0,petit
0.78150552,-0.148936679,8,grand
-0.850463499,-0.148917426,0,petit
0.010934987,-0.148121967,0,petit
-0.599726775,-0.148084524,0,petit
-0.872985701,-0.148035934,0,petit
-1.710271713,-0.147495996,0,petit
0.939320552,-0.147102805,16,grand
0.496038163,-0.146428818,0,petit
0.283279978,-0.146246153,0,grand
-1.773020837,-0.145438119,0,petit
1.664088365,-0.145080843,16,grand
-0.377088167,-0.144061157,0,petit
-0.834977469,-0.143495606,0,petit
1.163974185,-0.143386866,17,petit
-0.193916908,-0.143206868,0,petit
-0.364515584,-0.142543771,0,grand
0.871541863,-0.141967688,16,grand
0.107307631,-0.141695292,0,petit
-1.310494798,-0.139250669,0,petit
-0.414084901,-0.138789241,0,petit
0.009166277,-0.138757025,0,grand
-0.275688342,-0.138397527,0,petit
-0.54144752,-0.138241128,0,petit
-1.378633494,-0.138186316,0,petit
0.243526372,-0.138003325,0,grand
-1.974380976,-0.137511405,0,petit
0.482920983,-0.137127855,0,petit
-1.498046657,-0.136868571,0,petit
1.435967153,-0.135267154,23,petit
0.292689058,-0.134366153,0,grand
0.629897767,-0.134342774,17,grand
2.022164436,-0.132588529,15,petit
-0.228144744,-0.131547793,0,petit
0.795510546,-0.130193522,28,grand
0.825947301,-0.128867256,9,grand
-1.631172883,-0.128791272,0,petit
0.905343878,-0.127764111,10,grand
-1.930959329,-0.125216241,0,petit
0.236505015,-0.124427415,0,grand
-0.876277725,-0.124163556,0,petit
-1.727961156,-0.123868342,0,petit
0.629430605,-0.123307724,30,grand
-1.129109168,-0.122774218,0,petit
-0.577233095,-0.122496529,0,petit
-0.626757833,-0.121446884,0,petit
1.338870683,-0.120343249,8,petit
0.558798064,-0.118527459,25,grand
1.418643928,-0.11829835,13,petit
-0.195126302,-0.117989981,0,petit
-1.808558518,-0.117510285,0,petit
-0.376615991,-0.115094047,0,petit
0.75642619,-0.113649529,18,grand
-0.880766289,-0.113269283,0,petit
-1.510201773,-0.11247718,0,petit
-1.23493173,-0.111940527,0,petit
-1.35959396,-0.111850756,0,petit
1.864841177,-0.10972582,19,petit
0.373348239,-0.109659855,0,grand
-0.521854335,-0.108500367,0,petit
0.940667545,-0.107515391,19,petit
1.578752867,-0.106699866,22,petit
-1.638159399,-0.106533423,0,petit
1.964940168,-0.106151911,15,petit
1.8954011,-0.105490504,29,petit
0.688432404,-0.103458531,24,grand
1.216274441,-0.103257643,11,petit
-1.75573399,-0.102431459,0,petit
-0.172038008,-0.102052785,0,petit
1.602801597,-0.101847488,20,petit
-1.303846192,-0.101045722,0,petit
-1.272861254,-0.099499545,0,petit
0.054742917,-0.0987224,0,grand
-0.486168579,-0.097622035,0,petit
0.649210505,-0.095508424,25,grand
-1.329685557,-0.095146823,0,petit
-1.564927719,-0.094243131,0,petit
-0.153005975,-0.093372883,0,petit
0.576815715,-0.093127659,23,grand
-1.490553377,-0.09260877,0,petit
-1.043026262,-0.092411535,0,petit
-0.762963623,-0.092334536,0,petit
1.392987256,-0.091316564,17,petit
0.50065338,-0.091084194,12,grand
-0.904864494,-0.089832203,0,petit
-1.267968994,-0.089579803,0,petit
-0.941988765,-0.087929971,0,petit
-0.403844116,-0.087801219,0,petit
0.961701368,-0.085611853,24,petit
1.269254645,-0.084976839,26,petit
1.536221117,-0.084636271,29,petit
0.42973104,-0.08325536,0,grand
-1.161510023,-0.081835116,0,petit
1.765716565,-0.08082202,21,grand
-1.269787691,-0.079991728,0,petit
-1.580470713,-0.078668164,0,petit
-0.775949981,-0.078040236,0,petit
0.591534856,-0.076927209,24,grand
-0.085775845,-0.076909315,0,grand
1.13264829,-0.076906633,22,grand
1.924392632,-0.076093557,27,petit
0.292100176,-0.074790498,0,petit
-0.277093472,-0.073333021,0,petit
1.261495604,-0.073234758,22,petit
0.440614055,-0.072441611,0,grand
-2.069232147,-0.072111419,0,petit
-1.027042982,-0.071581642,0,petit
-1.864961605,-0.070431991,0,petit
-1.821950409,-0.07015879,0,petit
-0.646117156,-0.069838741,0,petit
-1.391539387,-0.069165406,0,petit
-1.771568863,-0.068938676,0,petit
-1.76967506,-0.067312363,0,petit
0.917142237,-0.067220313,15,grand
0.198210605,-0.066553196,0,grand
0.251908929,-0.066343891,0,grand
0.358492589,-0.065798393,0,grand
-1.40064591,-0.065622363,0,petit
-0.941223035,-0.062751121,0,petit
1.87702294,-0.061254612,15,petit
-0.673754299,-0.061038943,0,petit
1.862696005,-0.059829704,18,petit
1.057107074,-0.059477482,20,petit
1.145248759,-0.058522275,27,petit
2.095548242,-0.057753225,9,petit
-0.328934164,-0.057497184,0,petit
1.755655714,-0.057247926,18,petit
0.075435879,-0.05577739,0,grand
-1.774069077,-0.055059926,0,petit
0.513958366,-0.054321063,23,grand
-1.800327165,-0.054123282,0,petit
-0.725910726,-0.05298524,0,grand
1.493078611,-0.052542158,23,petit
1.922580266,-0.052535203,20,petit
-1.197079854,-0.04929509,0,petit
-0.888199766,-0.046916396,0,petit
0.809819753,-0.046672641,16,grand
1.580156226,-0.045595759,28,petit
1.229715658,-0.045300385,25,petit
0.163146998,-0.045020202,0,grand
1.724601726,-0.044196283,27,grand
-0.193388718,-0.041792754,0,petit
0.804965057,-0.041513762,11,petit
1.574693167,-0.040301934,12,grand
-0.550322392,-0.040104501,0,petit
0.629339814,-0.039066868,22,grand
-0.012017429,-0.038889493,0,grand
1.238888352,-0.038046555,16,petit
-0.183425386,-0.037373952,0,grand
1.231782362,-0.036471452,10,petit
1.130974059,-0.035943393,28,grand
1.12720182,-0.035825896,27,petit
-1.858909808,-0.033310041,0,petit
1.178887121,-0.03321267,26,petit
2.115615913,-0.032662128,27,petit
-2.021408898,-0.031725696,0,petit
-0.57458563,-0.031574143,0,petit
0.481371945,-0.030906095,0,petit
1.129622324,-0.030659654,30,grand
1.996999306,-0.030071625,17,petit
-0.523087515,-0.02955735,0,grand
0.700513577,-0.028821056,22,petit
1.063703982,-0.02785311,25,petit
0.808331596,-0.025180652,18,grand
-0.389100506,-0.024692444,0,grand
-1.79176372,-0.024566524,0,petit
1.253340211,-0.024557878,30,petit
-0.148233269,-0.02394601,0,grand
-0.37209029,-0.023743841,0,petit
-1.980515194,-0.023360561,0,petit
-1.216799636,-0.022406286,0,petit
-0.583677037,-0.022082252,0,petit
-0.899682681,-0.021759467,0,grand
-1.135297652,-0.021539336,0,petit
0.767061254,-0.021410871,27,petit
1.579537933,-0.021257831,16,grand
-1.555224071,-0.020367912,0,petit
1.869508926,-0.019497676,16,petit
-0.027193038,-0.019157733,0,petit
-0.885724227,-0.017785228,0,grand
-1.01014982,-0.01771054,0,petit
-1.123851681,-0.017376357,0,petit
0.910436578,-0.01730113,29,grand
-0.231940506,-0.016835984,0,petit
0.80814169,-0.01576663,21,grand
0.763177276,-0.015205545,20,grand
1.076750932,-0.014952054,21,grand
1.147020913,-0.014831755,9,petit
-1.240584909,-0.0144796,0,petit
-1.062734379,-0.014439091,0,grand
1.192620098,-0.014184048,27,petit
0.932861156,-0.013298189,25,grand
-0.045859801,-0.013216622,0,petit
-1.425974655,-0.012779396,0,petit
-0.813206164,-0.012678064,0,petit
-1.807090623,-0.011590124,0,petit
0.420575894,-0.011464137,0,petit
-1.892692498,-0.009557527,0,petit
0.669010849,-0.008891322,15,petit
1.384545668,-0.008673037,30,petit
-0.456366407,-0.007451756,0,petit
1.893537896,-0.006706984,26,petit
1.33624598,-0.00594903,29,petit
0.774902927,-0.003970564,20,grand
1.790032601,-0.003788689,9,petit
-0.481006607,-0.003312942,0,petit
-0.861837745,-0.001166202,0,petit
-0.531918168,-0.000720126,0,petit
-1.879280809,0.000190381,0,petit
1.077053794,0.000215903,15,grand
-0.696753047,0.000498752,0,grand
-1.727622564,0.001326165,0,petit
1.157029433,0.001483598,18,petit
-0.570182661,0.002405465,0,petit
0.985511782,0.002549873,24,grand
0.977948394,0.003459202,25,grand
0.481866872,0.005311091,0,petit
1.293938637,0.005470282,11,grand
1.309571337,0.006717099,27,grand
0.191445556,0.008077955,0,grand
0.099360157,0.008855381,0,petit
-1.275869395,0.009638263,0,petit
1.402625245,0.012450021,17,grand
-0.107425992,0.01270472,0,grand
-0.59235322,0.013161553,0,petit
-0.463527726,0.013676693,0,grand
0.694123495,0.013910518,8,grand
0.434383943,0.014315276,0,petit
1.599297962,0.015669874,9,petit
-2.005181375,0.017304232,0,petit
1.709806613,0.017888056,11,grand
-1.906987575,0.018052167,0,petit
0.184102946,0.018153959,0,petit
-0.347796837,0.018346489,0,grand
1.283333096,0.018659701,18,grand
-0.13603743,0.018777623,0,petit
0.169204292,0.018843567,0,petit
-1.071257325,0.019120869,0,grand
0.408383465,0.020283666,0,petit
-0.956677269,0.020307111,0,grand
-0.414622407,0.020406338,0,petit
-1.341032914,0.020482605,0,petit
-0.792976641,0.020503335,0,petit
-1.514124741,0.021455478,0,petit
-0.284325871,0.022021993,0,petit
-0.185097233,0.022168675,0,grand
0.478493731,0.024940409,0,petit
1.684530249,0.025292216,30,grand
1.031009395,0.026746821,13,petit
0.869107998,0.026823185,18,petit
-1.25968917,0.027401322,0,petit
-0.076173436,0.028233545,0,grand
-1.700184304,0.029162174,0,petit
1.336394491,0.029966738,13,grand
-0.519866634,0.03006067,0,grand
-0.144260239,0.030802916,0,petit
-0.297487712,0.031479018,0,grand
0.921820823,0.033356292,13,petit
0.801601719,0.034145286,12,grand
1.470254608,0.035724434,10,grand
0.396065906,0.035926465,0,grand
-0.966987993,0.037877253,0,grand
0.928402917,0.038351774,13,grand
-1.166313872,0.039597096,0,petit
-2.038999629,0.040189438,0,petit
-1.171075047,0.041292648,0,petit
1.004630457,0.041429266,17,petit
-0.257982718,0.04160872,0,petit
-1.964700164,0.041876091,0,petit
1.210527793,0.042246846,29,grand
-1.796825606,0.042794786,0,petit
-0.507625726,0.042879037,0,grand
1.051727374,0.04338133,11,petit
0.981293815,0.043384344,29,grand
-0.137356171,0.043617969,0,grand
0.276797251,0.044048795,0,petit
-0.608529567,0.044563944,0,petit
1.6243757,0.044874802,28,grand
1.366816874,0.04561171,16,grand
-1.474633024,0.046919286,0,petit
-1.680385421,0.047028781,0,petit
-1.699876305,0.04705817,0,petit
1.615343817,0.047853298,11,grand
-0.951002157,0.047908884,0,petit
-1.021030373,0.048579948,0,grand
1.213209381,0.049654703,24,grand
-0.713380547,0.049792809,0,grand
-1.097999642,0.050325748,0,petit
1.936297302,0.050496319,11,grand
1.687218598,0.052727069,8,petit
1.454091537,0.054506672,12,grand
1.293843495,0.054862185,16,grand
-0.782254683,0.055106052,0,grand
-0.262398454,0.055943672,0,petit
-0.2811272,0.0573022,0,grand
-0.684325377,0.057585279,0,grand
-0.966075949,0.058774255,0,petit
-1.598061977,0.058949596,0,petit
0.102916413,0.059405307,0,petit
-0.702033889,0.059514129,0,grand
1.236240832,0.059577285,13,grand
0.826791201,0.059823862,10,petit
1.412232205,0.06127465,15,grand
-0.054240514,0.061977814,0,grand
-0.273652483,0.062191512,0,petit
1.313623791,0.062220122,15,grand
-1.506988501,0.062577384,0,petit
0.172711123,0.063363722,0,petit
-0.463928369,0.064689008,0,grand
1.84670335,0.065733434,16,grand
0.868959567,0.066189196,13,petit
-0.175645482,0.066858574,0,grand
1.709963309,0.066870844,30,grand
0.010550206,0.067307936,0,petit
-1.882165207,0.068296867,0,petit
0.889970024,0.068985893,27,petit
1.735590347,0.069044337,21,grand
-1.844908153,0.069773145,0,petit
-0.45799208,0.070272037,0,grand
0.358321403,0.071152932,0,petit
-1.463450921,0.07197839,0,petit
0.078056098,0.072108259,0,petit
-0.357919586,0.074116413,0,petit
0.340510731,0.074788904,0,petit
0.334098856,0.076043279,0,grand
-0.103838408,0.07744261,0,petit
-0.546892915,0.078380089,0,grand
1.191028551,0.079310568,12,grand
0.353260273,0.079430032,0,petit
-1.078807067,0.079867597,0,petit
-1.808982374,0.080193683,0,petit
-0.694898959,0.081233708,0,grand
-1.42153511,0.081692996,0,petit
-0.642109337,0.082091357,0,grand
-0.596234429,0.082354279,0,petit
1.710456726,0.083569129,19,grand
0.658148367,0.083617086,30,petit
1.420614238,0.083908177,21,grand
1.231300416,0.086116909,8,grand
-0.028524845,0.08667398,0,grand
-0.272741223,0.087705039,0,grand
1.224186836,0.088641519,10,grand
0.089518247,0.088757739,0,petit
-1.506627529,0.089013781,0,petit
0.524993498,0.08938311,17,grand
-1.042938418,0.089428997,0,petit
1.109708222,0.089851536,21,grand
-1.393228631,0.090985945,0,petit
-0.596811746,0.091127145,0,petit
0.320727047,0.091369006,0,petit
-1.497719507,0.091514651,0,petit
2.166217804,0.092647304,16,grand
-0.201695408,0.092866701,0,grand
-0.762709248,0.094286117,0,grand
-1.256189561,0.095704313,0,petit
-1.327126439,0.097177502,0,petit
-1.1742672,0.097201283,0,petit
-1.616740022,0.097639928,0,petit
0.634665981,0.097799303,17,petit
-1.85240366,0.098327792,0,petit
-1.257783381,0.099327233,0,petit
-1.812004275,0.099471137,0,petit
0.942898655,0.099672167,21,petit
1.214294293,0.100322958,19,grand
-0.608055296,0.100900526,0,grand
-1.152550632,0.101364879,0,petit
-1.419217012,0.1016667,0,petit
0.29772336,0.101681827,0,petit
-0.495348968,0.102094891,0,grand
0.88760482,0.102435555,9,petit
-0.47706447,0.103502304,0,grand
0.169361785,0.103519226,0,petit
-1.468399124,0.104131091,0,petit
0.424268451,0.104517323,0,petit
-0.889293673,0.10546636,0,petit
0.245670289,0.105691964,0,grand
-1.965831961,0.105924876,0,petit
1.22253598,0.106354854,22,grand
-1.822770248,0.106710337,0,petit
-0.120428685,0.107070253,0,grand
0.972025512,0.107999656,13,petit
-0.862145464,0.108736818,0,grand
-1.879578351,0.109346935,0,petit
-0.722261471,0.110191664,0,grand
-0.152961811,0.110593213,0,grand
1.310852532,0.110809314,10,grand
-1.475400866,0.11336096,0,petit
-0.834692969,0.113399858,0,grand
-1.120708701,0.115272925,0,petit
1.334783288,0.116323707,13,grand
0.700255552,0.117647288,17,petit
-1.19828118,0.119005598,0,petit
-0.729039642,0.119375019,0,grand
1.326924277,0.119897096,14,grand
-0.553526919,0.120598916,0,grand
-0.52024288,0.121317887,0,grand
1.529591488,0.122083545,11,grand
0.694319589,0.122218058,12,petit
1.567224813,0.122301693,17,grand
-0.99573523,0.122352858,0,grand
-1.006836176,0.123004803,0,petit
-0.650073695,0.123409723,0,grand
1.454741746,0.123837436,11,grand
-0.769678112,0.124873224,0,grand
1.007081896,0.125509719,13,petit
-1.665807679,0.126427973,0,petit
0.262949791,0.12679203,0,petit
0.337191813,0.127039187,0,petit
0.97479868,0.127121397,24,grand
-0.464208845,0.127280949,0,grand
-0.947213289,0.12824034,0,grand
-0.578440608,0.129462403,0,grand
-0.001871008,0.12956562,0,petit
0.506039807,0.130471396,22,petit
-0.085868581,0.130902508,0,grand
0.567749067,0.131192357,22,petit
-1.167669937,0.133008707,0,petit
-1.239633529,0.133370366,0,petit
-0.267882395,0.133451108,0,grand
0.789105661,0.133468204,11,petit
1.760643223,0.133531687,11,petit
-1.243002688,0.134140454,0,petit
1.68564111,0.134436226,10,grand
-1.07126861,0.135595498,0,petit
-1.145499449,0.135608597,0,petit
0.337614266,0.135676818,0,petit
-0.916475425,0.135682784,0,grand
-0.93329481,0.136106172,0,petit
0.021311197,0.136389901,0,petit
-1.501335684,0.13693351,0,petit
1.056561129,0.138601384,25,petit
1.565645573,0.13864287,16,grand
0.780080272,0.139169491,20,petit
-0.007906391,0.139355632,0,grand
-1.788739964,0.140043315,0,petit
-0.780599685,0.140245717,0,grand
0.10054874,0.140342746,0,petit
0.874056023,0.140887579,28,petit
-2.016884107,0.141013686,0,petit
0.424607181,0.141697616,0,petit
1.695931568,0.142054057,26,grand
-0.345250171,0.14356277,0,grand
-1.212072879,0.144041332,0,petit
-1.32192154,0.148090664,0,petit
-1.022244108,0.148414091,0,grand
-0.248550551,0.148503772,0,grand
-1.633995799,0.150127873,0,petit
0.08957237,0.150332675,0,grand
1.905039602,0.151192675,22,petit
0.978778328,0.15157594,15,petit
-0.63743695,0.152434185,0,grand
-1.273196042,0.155048876,0,petit
1.241716937,0.155053486,17,grand
-1.532670957,0.155102994,0,petit
1.123020919,0.155315701,29,grand
-0.643692675,0.15800858,0,grand
1.570571385,0.15813656,11,grand
-0.646130427,0.158702264,0,grand
-0.235331095,0.159960226,0,grand
0.991165562,0.161012473,14,petit
1.520666082,0.161047875,14,grand
0.570964436,0.161382683,28,petit
0.382019688,0.163197779,0,petit
0.529896551,0.163269498,11,petit
-1.664622045,0.164414164,0,petit
0.503071945,0.165376624,13,petit
-1.613621762,0.165804286,0,petit
0.97648634,0.166553982,29,petit
-0.871560783,0.166751188,0,grand
-1.06283086,0.168031358,0,petit
1.220082088,0.168315161,28,grand
0.391588408,0.168327204,0,petit
0.168929379,0.16837195,0,petit
0.918725088,0.169010962,14,petit
-1.427866629,0.169097723,0,petit
1.528465047,0.170864001,14,grand
-1.733527268,0.17114055,0,petit
2.105975374,0.172529278,29,grand
0.872498774,0.175981918,9,petit
0.921067981,0.177267961,19,petit
0.575239698,0.177681971,23,petit
1.554158825,0.178136589,30,grand
0.285771391,0.178203655,0,petit
-1.860304473,0.180277024,0,petit
-1.058979471,0.180425905,0,grand
1.398423825,0.180963149,28,grand
-1.565489154,0.181164988,0,petit
-1.520407932,0.18132677,0,petit
1.33281104,0.181935479,22,grand
1.355864904,0.182494558,21,grand
1.686241249,0.182959091,22,grand
-0.891535012,0.183383865,0,grand
-1.380223036,0.183668236,0,petit
-0.231900344,0.184716733,0,grand
1.666166675,0.185562637,20,grand
0.238430406,0.18652314,0,petit
1.611778134,0.187077292,21,grand
-0.144127837,0.187305915,0,grand
0.927405648,0.187808079,15,petit
-0.120526099,0.18966682,0,petit
-1.616907585,0.189769775,0,petit
-0.519145637,0.1900834,0,grand
-0.509318713,0.190275171,0,grand
1.178589748,0.190939661,27,petit
-1.424067233,0.191062065,0,petit
0.135758269,0.191196427,0,petit
1.451923036,0.191950365,12,grand
-0.543064789,0.192769853,0,grand
1.298669589,0.192984674,15,grand
-0.748304062,0.19302512,0,grand
1.754849747,0.193358487,30,grand
1.90887984,0.193968047,21,grand
0.04904411,0.194764664,0,petit
1.429504739,0.195176266,26,grand
-0.141166456,0.195332664,0,grand
0.58213066,0.195890258,24,petit
0.701816789,0.197575552,13,petit
-1.662596377,0.197918761,0,petit
0.937471241,0.197998375,16,petit
-0.603078669,0.19824615,0,grand
1.361844866,0.199118592,20,grand
-0.814862695,0.199289129,0,grand
0.999100121,0.199600542,19,grand
0.987591197,0.200165667,30,grand
1.405610214,0.200199598,28,grand
0.302187137,0.200398833,0,petit
-0.024303719,0.202105809,0,petit
1.009545137,0.203100812,11,grand
0.608044177,0.20348416,28,petit
1.439376311,0.204417698,25,grand
1.634483342,0.204692823,14,grand
-1.736400345,0.205094199,0,petit
0.88880793,0.205372863,30,grand
-1.699346958,0.205747376,0,petit
-0.787362145,0.206060561,0,grand
-0.260367375,0.206484797,0,grand
-1.087479533,0.207079759,0,petit
-1.423089645,0.207389388,0,petit
-0.493272492,0.207788311,0,grand
-0.198922644,0.207820224,0,grand
1.141505411,0.207958185,24,grand
1.851895334,0.208232736,17,grand
-1.275884059,0.208580795,0,petit
1.690023725,0.209359356,19,grand
1.331066716,0.209673307,28,grand
0.047101072,0.210264175,0,grand
1.692841972,0.210660925,19,grand
-1.6354234,0.210700655,0,petit
-1.263288279,0.211765691,0,petit
-1.595876136,0.212710176,0,petit
0.09113155,0.213028559,0,grand
-1.010422142,0.213767442,0,petit
1.263771478,0.214118281,25,grand
-1.252767351,0.214128279,0,petit
-1.682917659,0.214302609,0,petit
1.576906528,0.214458338,30,grand
-1.648260067,0.214798311,0,petit
0.616551169,0.215022769,25,petit
-1.582233157,0.216279111,0,petit
-0.649549043,0.216943159,0,grand
-0.719634216,0.217866541,0,grand
1.350812069,0.218553347,13,grand
-0.746986651,0.218726312,0,grand
-0.190070365,0.21880143,0,grand
1.781113574,0.219851899,25,grand
-1.152510786,0.220516841,0,petit
0.914887949,0.220916805,14,petit
0.61154761,0.221042443,15,petit
0.61469144,0.22109876,10,petit
1.39561209,0.221444527,10,petit
-1.215088257,0.221970293,0,petit
-1.545270505,0.222115993,0,petit
0.422145589,0.222731821,0,petit
-1.116240787,0.223726449,0,petit
-0.220261977,0.224683765,0,grand
-1.085740683,0.224774791,0,petit
1.380306978,0.225411757,15,grand
-0.977337193,0.226042386,0,grand
-1.057903667,0.226053341,0,petit
0.662715303,0.226252952,14,petit
0.366696927,0.227780922,0,petit
1.469128023,0.229412293,14,grand
-0.185030464,0.229907136,0,grand
0.105647531,0.230046974,0,petit
-0.711452605,0.231034998,0,grand
-0.081890887,0.231260838,0,grand
-1.226478658,0.232288425,0,petit
-2.119642658,0.234269348,0,petit
0.643318677,0.235612426,18,petit
-1.856320936,0.235750684,0,petit
-1.281720444,0.237012036,0,petit
-0.745918795,0.237121072,0,grand
1.211050214,0.237142841,25,grand
0.331206814,0.240303945,0,petit
0.153238866,0.2405101,0,petit
-0.531672831,0.241039264,0,grand
1.771584919,0.241675609,14,grand
2.035496912,0.242368842,28,grand
-1.746798718,0.242413735,0,petit
1.545185049,0.242492137,26,grand
-1.230839763,0.244046063,0,petit
-0.505661307,0.245051481,0,grand
0.09065219,0.245246886,0,petit
0.659420869,0.245323194,17,petit
0.55124011,0.245672488,18,petit
1.735161473,0.245719475,22,grand
-1.568262888,0.246081323,0,petit
-0.040128533,0.246957823,0,petit
0.790694783,0.247586434,28,petit
-1.063141145,0.247723904,0,petit
0.107869253,0.248495076,0,petit
-0.392702298,0.24862893,0,grand
0.852339553,0.249443149,10,petit
0.09343619,0.250578307,0,petit
-1.451563914,0.250820123,0,petit
1.08600614,0.251505939,12,petit
0.603208365,0.251680875,14,petit
2.152304535,0.252867805,10,grand
0.934229616,0.253373308,24,petit
-0.798528447,0.254456197,0,petit
-1.397450177,0.254527863,0,petit
0.330266615,0.254928906,0,petit
-0.786046525,0.255275485,0,grand
-0.255915631,0.256003495,0,grand
0.815655147,0.256984689,21,petit
-1.206233022,0.257420709,0,petit
1.773237324,0.257941321,11,grand
-1.0346457,0.258605867,0,grand
-1.06257978,0.259324879,0,petit
-0.359957141,0.259813184,0,grand
-1.053838059,0.26041879,0,petit
1.891872277,0.261181047,15,grand
-0.257903919,0.263955805,0,grand
0.711378138,0.264367766,28,petit
-1.247533209,0.264524788,0,petit
-1.742643851,0.264529879,0,petit
-0.271802645,0.26505599,0,grand
0.010432192,0.265826839,0,grand
-0.499326718,0.266451263,0,grand
-0.86127102,0.266483928,0,grand
-0.702008691,0.267553451,0,grand
-1.166710505,0.267629534,0,petit
-1.140676431,0.267678453,0,petit
-1.4522664,0.268044925,0,petit
-1.851268032,0.268134296,0,petit
-0.547701485,0.268549112,0,grand
1.940294709,0.269310844,8,grand
-0.415413875,0.269658469,0,grand
1.205856735,0.269898536,20,grand
-0.973536082,0.269934607,0,petit
-1.099458749,0.271528383,0,petit
0.164362374,0.271941078,0,petit
-0.648551544,0.272625648,0,grand
1.792888762,0.272857888,12,grand
0.776640009,0.27310025,11,petit
0.455973652,0.27349105,0,petit
-0.335111492,0.273917817,0,grand
-1.603592904,0.276744718,0,petit
-1.23624177,0.277402403,0,petit
0.679679551,0.277872222,17,petit
-1.35130041,0.278036099,0,petit
1.969783282,0.280202202,20,grand
0.944688386,0.280451634,10,petit
-0.987875943,0.281499301,0,petit
0.09439278,0.28208403,0,petit
-0.485759154,0.282139609,0,grand
1.978922117,0.282576805,12,grand
-1.74707377,0.282753609,0,petit
1.756818954,0.283147799,13,grand
0.829796846,0.283161709,30,petit
-1.913019896,0.28330266,0,petit
0.958909126,0.284007258,12,petit
-0.821450794,0.284661616,0,grand
-1.008504339,0.285845566,0,petit
-1.577548171,0.287223474,0,petit
1.040859497,0.287740014,14,grand
0.67160989,0.288689488,29,petit
-0.785104217,0.289343645,0,grand
-0.322044349,0.28990743,0,grand
0.863739029,0.290484423,11,petit
-0.204524335,0.290536109,0,grand
-0.368944673,0.292224748,0,grand
1.568303224,0.292531972,14,grand
0.252771488,0.292911762,0,petit
-0.239090857,0.293708991,0,grand
1.219347786,0.293792061,8,grand
0.52656665,0.293891142,14,petit
-0.018965723,0.294088656,0,petit
0.066337971,0.294211134,0,petit
0.828827305,0.295304988,17,petit
1.432276538,0.29531156,13,grand
-1.688190137,0.296026016,0,petit
0.009998414,0.296386602,0,grand
1.87467113,0.29848547,12,grand
0.499989054,0.299144226,10,petit
-1.539889877,0.29915714,0,petit
-1.654695225,0.299445627,0,petit
2.18590643,0.299933705,23,grand
1.189295528,0.301317439,22,grand
0.212947795,0.302919542,0,petit
-0.640295912,0.303086341,0,grand
-1.44581286,0.303221476,0,petit
1.639771829,0.304170998,16,grand
-0.652772066,0.304249392,0,grand
1.464790159,0.305356144,17,grand
-0.309901304,0.305383109,0,grand
0.336076138,0.306399122,0,petit
-1.412757973,0.308359677,0,petit
1.945737293,0.308486525,26,grand
-0.036288585,0.308988687,0,petit
0.707758758,0.309079583,27,petit
-0.2404105,0.309278488,0,grand
-0.393526312,0.309626907,0,grand
0.74216412,0.311611441,10,petit
1.241594692,0.312016076,22,grand
-0.522927271,0.312573174,0,grand
-0.304771982,0.313013888,0,grand
0.98479479,0.313520715,9,petit
0.525247579,0.315080888,28,petit
-0.813784299,0.315397137,0,grand
-1.238797587,0.315408054,0,petit
0.084373738,0.315411402,0,grand
0.907534962,0.315505984,10,petit
0.593692145,0.315640362,25,petit
0.513649178,0.316233878,10,petit
-1.594641483,0.316667729,0,petit
-1.025672712,0.31678738,0,grand
-1.633657512,0.317289097,0,petit
-1.665811421,0.318048571,0,petit
0.963291471,0.318386767,21,petit
-2.002451299,0.318656769,0,petit
1.202003699,0.319116111,13,grand
1.838520236,0.319437853,26,grand
1.255306643,0.321022927,22,grand
-1.268953907,0.321897015,0,petit
1.345369522,0.322185467,29,grand
1.805206069,0.323070094,9,grand
1.337387555,0.323264318,22,grand
0.886345724,0.329022792,23,petit
-0.303840665,0.329110256,0,grand
-0.403607792,0.330188499,0,grand
0.927315218,0.331834674,26,petit
0.540149003,0.331908796,30,petit
-1.688946512,0.332244582,0,petit
-0.039877238,0.333427185,0,grand
0.751192326,0.333851486,27,petit
0.889017995,0.33676282,19,petit
2.080488356,0.336777089,29,grand
0.359522982,0.338449562,0,petit
-1.195392297,0.339004563,0,petit
1.025836386,0.339492474,28,petit
0.191660405,0.339741535,0,petit
0.588222698,0.340499569,15,petit
-1.304298504,0.340504097,0,petit
0.551286476,0.340615912,19,petit
-0.796984077,0.340616147,0,grand
1.101992708,0.341015231,11,petit
1.447695973,0.342330604,11,grand
-1.586234672,0.342981113,0,petit
1.748359901,0.343565906,29,grand
-1.352301793,0.344285347,0,petit
0.092538059,0.344560946,0,petit
-1.343012329,0.344628079,0,petit
-0.021304418,0.344643657,0,grand
-0.223002668,0.344722481,0,grand
0.305732976,0.344768779,0,petit
1.947783587,0.345015518,13,grand
0.966387409,0.345217418,10,grand
-0.89762387,0.346005837,0,grand
-1.047115186,0.346762156,0,petit
-1.13230619,0.346790012,0,petit
1.465469126,0.348173626,19,grand
-2.020189793,0.348277853,0,petit
-0.153754092,0.348366298,0,grand
1.450805594,0.348945551,21,grand
1.47304326,0.349285142,18,grand
-1.018639753,0.349718061,0,grand
-0.386062802,0.350085157,0,grand
0.117334248,0.350117383,0,petit
1.183462864,0.350326558,11,grand
1.191540202,0.351426308,25,grand
-0.10621839,0.352670381,0,grand
-1.673448458,0.352808666,0,petit
1.290694928,0.353593132,29,grand
-1.706299032,0.354035276,0,petit
-0.02125693,0.354639359,0,grand
-0.032736327,0.354855496,0,grand
-0.735237026,0.355029343,0,grand
0.27135927,0.355842423,0,petit
-0.94437984,0.35589822,0,grand
-0.253874384,0.355914136,0,grand
-0.042539505,0.35644969,0,grand
1.852248987,0.356947704,26,grand
1.782579496,0.357158984,19,grand
-0.792219086,0.357373312,0,grand
-1.655888554,0.35758252,0,petit
-1.213668336,0.35935896,0,petit
-0.729418308,0.359732887,0,grand
0.324781147,0.361192729,0,petit
-1.887389052,0.361411837,0,petit
1.947557203,0.362135084,27,grand
1.935539438,0.362492636,10,grand
-0.874694236,0.362751246,0,grand
1.554418159,0.363462615,18,grand
1.584941735,0.363578334,9,grand
-0.352925221,0.363624064,0,grand
-1.339222374,0.363900072,0,petit
-1.727918998,0.364999663,0,petit
-1.515877838,0.365659532,0,petit
-0.985135185,0.366084831,0,petit
1.252073902,0.366170167,8,grand
0.009040793,0.366341059,0,petit
1.42863036,0.366899562,29,grand
-0.522025675,0.368013554,0,grand
1.180906271,0.36871463,9,grand
1.166899389,0.370373022,22,grand
0.02786846,0.370889524,0,grand
0.622560042,0.371301846,30,petit
-1.801914952,0.371844115,0,petit
0.434430754,0.372417679,0,petit
-0.625137849,0.374523384,0,grand
1.681912665,0.375880182,17,grand
-1.201613859,0.376163224,0,petit
-1.558727859,0.3762451,0,petit
-2.014500366,0.377667105,0,petit
-1.700070445,0.377938294,0,petit
-1.22784308,0.379369791,0,petit
0.44067651,0.379633294,0,petit
-0.49100371,0.38012903,0,grand
1.923991109,0.380266823,21,grand
-0.351633633,0.381002726,0,grand
0.85304355,0.381654946,14,petit
-1.438360683,0.382997303,0,petit
-0.141532287,0.386369972,0,petit
0.485395168,0.388095247,0,petit
1.634988285,0.390337317,11,grand
-0.331793493,0.390567661,0,grand
1.249976073,0.391313286,19,grand
-1.547910621,0.391455658,0,petit
1.798625991,0.391790105,16,grand
0.77469815,0.393495734,26,petit
0.911079687,0.39362147,21,petit
1.441463423,0.394275907,22,grand
0.0460054,0.395417819,0,grand
-1.259940005,0.395430532,0,petit
-1.776139186,0.397042982,0,petit
-1.855492027,0.397528627,0,petit
1.250729614,0.398311474,27,grand
0.989984524,0.399862884,30,grand
1.152761786,0.399979338,29,grand
0.147229383,0.401022542,0,petit
-0.19306361,0.401868373,0,grand
0.14091998,0.402069324,0,petit
-0.957872468,0.402423348,0,grand
1.430549328,0.403160029,20,grand
0.205119955,0.404210295,0,petit
1.436632363,0.40475604,26,grand
-0.554216228,0.40497648,0,grand
-1.474071356,0.405577357,0,petit
-1.102560372,0.40724687,0,petit
0.411450854,0.407344548,0,petit
-1.21834261,0.407508427,0,petit
-1.067222983,0.408448266,0,petit
-1.116401463,0.409497789,0,petit
1.828371969,0.409833855,11,grand
0.471789999,0.410176391,0,petit
1.275955586,0.410410472,30,grand
-1.838880282,0.410814631,0,petit
-0.202940706,0.410892974,0,grand
0.724284194,0.412027527,30,petit
-1.720675426,0.412905211,0,petit
-0.613573197,0.413016373,0,grand
-0.163590867,0.413233334,0,grand
-0.668402181,0.413951085,0,grand
0.343754547,0.415110012,0,petit
-0.520874166,0.415518273,0,grand
-0.240805336,0.41618216,0,grand
1.755438013,0.416631801,14,grand
-0.746093461,0.417397007,0,grand
-0.399924105,0.417963735,0,grand
-1.670005553,0.41846359,0,petit
1.759468871,0.418917125,21,grand
1.624384117,0.418922982,21,grand
-1.647874978,0.419385812,0,petit
1.691180364,0.419806109,20,grand
1.62916858,0.42017581,25,grand
1.742038424,0.420293549,27,grand
0.993795183,0.420335411,30,petit
1.711589134,0.421716875,8,grand
-0.329494951,0.422481591,0,grand
-0.513311202,0.423078143,0,grand
-0.883858694,0.424899823,0,grand
-0.13010436,0.425056081,0,grand
-1.843036122,0.426305259,0,petit
-0.186075691,0.426794987,0,grand
1.264142113,0.42748203,18,grand
-1.195021688,0.42796653,0,petit
1.737414619,0.429321699,15,grand
-1.377191869,0.42992187,0,petit
-1.004287801,0.430460678,0,grand
1.597254994,0.430674598,26,grand
1.152594555,0.431083129,14,grand
1.917854882,0.432926116,24,grand
1.781628109,0.433340749,30,grand
-0.624771973,0.434126141,0,grand
-0.10362946,0.435480574,0,petit
-0.096914526,0.436199149,0,grand
-1.87979145,0.436575087,0,petit
-1.49210714,0.437152482,0,petit
1.51822192,0.437540222,10,grand
-0.842591744,0.438030727,0,grand
0.78288445,0.438207981,21,petit
-1.952490703,0.438477995,0,petit
-0.69934115,0.441804068,0,grand
-1.153717123,0.442019744,0,petit
-0.434376196,0.442708488,0,grand
-1.404554666,0.443368227,0,petit
-1.651750315,0.444223302,0,petit
-1.517531971,0.444818734,0,petit
1.003900741,0.44507688,28,grand
1.246607158,0.445622133,11,grand
0.415408135,0.446382023,0,petit
1.057505842,0.446535107,29,grand
-1.638460272,0.450593325,0,petit
1.317018841,0.451394901,30,grand
-1.721961014,0.453262303,0,petit
0.380203476,0.453273549,0,petit
-1.23307467,0.45338986,0,petit
1.597861742,0.454131797,29,grand
-1.356391302,0.454185785,0,petit
1.337920347,0.454204877,21,grand
-1.731012002,0.454223051,0,petit
-0.993280016,0.454239261,0,grand
1.89052098,0.454661475,21,grand
-1.316575887,0.457596299,0,petit
1.139139062,0.458098651,9,grand
2.140680653,0.458660712,25,grand
0.40174938,0.458839283,0,petit
1.189822786,0.459383782,22,grand
-0.884270002,0.459806366,0,grand
0.150708815,0.459934838,0,petit
1.514399295,0.461360032,29,grand
0.128515028,0.46206017,0,petit
0.905042274,0.462362269,28,grand
-0.900777119,0.46256432,0,grand
1.03950178,0.464001888,8,grand
0.053054371,0.464182517,0,petit
0.315573362,0.464547491,0,petit
-1.201709916,0.464797934,0,petit
-1.107974699,0.465495037,0,petit
-0.221339949,0.466820169,0,grand
0.611381134,0.46683043,13,petit
-1.577981205,0.467057817,0,petit
-1.346709946,0.467797357,0,petit
0.31705209,0.468747766,0,petit
-0.888725701,0.469469774,0,grand
0.383767674,0.469723752,0,petit
0.559506228,0.469957399,20,petit
0.476214655,0.47139719,0,petit
-0.708196029,0.471436216,0,grand
0.941728885,0.47214287,28,petit
1.491925259,0.47280343,18,grand
0.254988206,0.47321468,0,petit
-1.136935842,0.474405505,0,petit
1.504979369,0.474534816,28,grand
0.924458907,0.474663081,13,petit
-1.662933657,0.474914645,0,petit
1.373262176,0.476200314,19,grand
-1.4160758,0.478837991,0,petit
-2.026705787,0.478895164,0,petit
1.398145757,0.479170315,25,grand
0.401721548,0.479702335,0,petit
1.259377823,0.480038074,27,grand
0.250063913,0.48164294,0,petit
1.910821583,0.481656898,25,grand
-0.670722195,0.481958279,0,grand
-0.003527069,0.482167986,0,grand
-1.660785578,0.483765432,0,petit
1.480481387,0.483900194,15,grand
-0.642263903,0.48464351,0,grand
-1.949143141,0.485231979,0,petit
-2.136168181,0.48720977,0,petit
1.929809708,0.487620928,26,grand
0.624962967,0.489690875,19,petit
1.08394957,0.490826214,14,grand
0.589120089,0.490845332,20,petit
0.32016461,0.492609253,0,petit
-0.314710289,0.492682221,0,grand
-1.176982736,0.493131622,0,petit
1.357428731,0.493977524,8,grand
0.420782957,0.494092702,0,petit
0.364732571,0.49430782,0,petit
-1.008073547,0.494953324,0,grand
-1.529643418,0.497083905,0,petit
0.928021003,0.49907201,29,grand
1.106502229,0.499245677,24,grand
0.714090559,0.499460738,26,petit
1.494377259,0.500257243,16,grand
1.03715878,0.500678275,30,grand
-1.604229571,0.500875166,0,petit
-0.71148794,0.502381936,0,grand
-1.504383112,0.505445721,0,petit
0.07790623,0.505887414,0,grand
-1.653449661,0.50593631,0,petit
1.257990601,0.506199556,26,grand
0.428067269,0.506405753,0,petit
1.651980139,0.508195098,25,grand
-0.705059339,0.508409797,0,grand
0.874866656,0.508709635,28,petit
-0.725810919,0.509851463,0,grand
-0.208034758,0.510292836,0,grand
1.995382754,0.510341193,19,grand
-1.401567286,0.510744199,0,petit
1.107152126,0.510814455,9,grand
-0.990636425,0.511648327,0,grand
0.55359022,0.511892646,23,petit
0.754646179,0.512478276,21,petit
0.116885354,0.512482971,0,petit
0.53853778,0.514040755,25,petit
-0.35966855,0.514361384,0,grand
1.08526121,0.515150791,12,grand
-0.26744386,0.516461549,0,grand
-1.751029656,0.516584246,0,petit
1.31376135,0.517091079,29,grand
-0.926723585,0.51721675,0,grand
0.979717729,0.517939559,15,petit
0.165723514,0.518471769,0,petit
0.460463289,0.519234511,0,petit
-0.745515984,0.51931734,0,grand
1.367790324,0.519639548,27,grand
0.104479731,0.519641566,0,petit
0.418367515,0.520483836,0,petit
-0.714759444,0.520882435,0,grand
1.773034772,0.521361537,30,grand
0.505447102,0.52244607,11,petit
0.234120216,0.522599843,0,petit
1.113371503,0.522895732,30,grand
1.386146451,0.522973636,12,grand
0.623522708,0.523893803,17,petit
0.38115086,0.524715506,0,petit
-0.20139737,0.52526126,0,grand
-0.773681457,0.525262942,0,grand
-0.785048893,0.527308648,0,grand
1.092450727,0.527520871,10,petit
0.985853777,0.529755128,30,petit
-0.195850412,0.530276178,0,grand
-1.249916312,0.531064491,0,petit
-0.268664821,0.531090078,0,grand
-0.941348166,0.531324684,0,grand
0.597625869,0.5314391,15,petit
-1.294703104,0.531761542,0,petit
1.525427291,0.532631335,17,grand
1.549398676,0.534862309,27,grand
-2.152808909,0.5359195,0,petit
0.26627484,0.536041449,0,petit
-1.380245049,0.538404379,0,petit
0.179142583,0.538714308,0,petit
1.813815928,0.539256619,28,grand
-1.889188841,0.539310849,0,petit
-0.391175427,0.539428975,0,grand
1.747366832,0.539749051,17,grand
0.828220475,0.540612718,27,petit
0.67102853,0.540834125,26,petit
0.597238861,0.541037295,29,petit
-2.162854178,0.542168224,0,petit
0.320747867,0.542633819,0,petit
-0.217063803,0.543039324,0,grand
0.460122461,0.543237693,0,petit
1.747112909,0.543533478,25,grand
-1.162302395,0.544197467,0,petit
0.720317433,0.544203939,18,petit
-1.402815066,0.544282662,0,petit
-0.005195688,0.54629703,0,petit
-0.03492609,0.547155968,0,petit
0.016330704,0.547284535,0,petit
0.45844409,0.549310247,0,petit
0.6224393,0.549582006,23,petit
-0.75697925,0.550764725,0,grand
-1.640222334,0.55082577,0,petit
-0.651225207,0.551674791,0,grand
1.070726512,0.55180659,27,petit
0.067630294,0.552069722,0,petit
1.270605203,0.55230874,19,grand
1.136416618,0.554276953,23,grand
-1.947955088,0.558520196,0,petit
0.599584352,0.559015949,15,petit
1.856171378,0.559341092,13,grand
-0.328601944,0.560464521,0,grand
-0.351302811,0.562129586,0,grand
0.008115973,0.562558008,0,grand
-0.7788817,0.5628113,0,grand
-1.63350128,0.563225113,0,petit
0.637843334,0.564177117,15,petit
-1.721926496,0.564864423,0,petit
0.946277261,0.567392687,28,petit
-0.182270368,0.568851331,0,grand
1.217878641,0.569039142,16,grand
0.588137895,0.569099419,24,petit
1.137566771,0.569751255,14,grand
1.053423558,0.573323135,20,grand
-1.084383118,0.573324724,0,petit
1.479234443,0.573575037,16,grand
-1.127539906,0.575009645,0,petit
0.160850931,0.575591644,0,petit
1.925857315,0.576014691,9,grand
1.438557732,0.576406154,20,grand
0.255450153,0.577090375,0,petit
1.987496084,0.577667371,20,grand
-1.822219461,0.577826339,0,petit
-0.407770847,0.578847248,0,grand
-0.036554219,0.579722269,0,grand
-1.330644331,0.581645908,0,petit
1.701393467,0.582315103,27,grand
1.388079983,0.58379381,13,grand
-0.760975124,0.584135971,0,grand
0.292725159,0.585444171,0,petit
-1.531567533,0.585767728,0,petit
0.393024758,0.586199956,0,petit
1.149834573,0.587681697,23,grand
1.135827999,0.588949795,20,grand
1.023139191,0.589123705,30,grand
0.99082382,0.590278381,28,grand
-2.039125142,0.590430642,0,petit
0.199722759,0.592231693,0,petit
0.457288396,0.595256346,0,petit
-0.560702344,0.595461326,0,grand
0.538710505,0.595646151,19,petit
0.717823083,0.596842119,30,petit
-1.689961121,0.598309035,0,petit
2.071995872,0.598905772,15,grand
0.677031527,0.599305149,26,petit
-2.017584064,0.599847153,0,petit
1.117390137,0.601642465,22,grand
0.834901815,0.603201995,22,petit
-0.175605263,0.603418755,0,grand
-0.176080316,0.604006736,0,grand
-1.135284007,0.60481285,0,petit
1.369475723,0.604879925,30,grand
0.200312988,0.605549143,0,petit
1.676271447,0.605562425,22,grand
1.977965661,0.606298382,22,grand
-1.178636691,0.607588882,0,petit
1.747165215,0.607912634,8,grand
-0.786480761,0.610291652,0,grand
-1.876846569,0.610416056,0,petit
-1.959366274,0.610809724,0,petit
-1.929046154,0.610956795,0,petit
-0.304758149,0.612163461,0,grand
1.188700506,0.61225345,21,grand
-1.691345942,0.612460691,0,petit
-0.020213387,0.613249129,0,grand
1.337401951,0.614156843,15,grand
-1.589752121,0.614427651,0,petit
-0.625911099,0.614444865,0,grand
1.167006902,0.615139036,13,grand
1.14346972,0.615476403,21,grand
1.936510475,0.615946425,11,grand
-1.954834072,0.616217262,0,petit
1.460178852,0.616236303,26,grand
-0.157479928,0.616278722,0,grand
-0.705165439,0.616532359,0,grand
-1.769643678,0.617319545,0,petit
1.151323941,0.617653865,22,grand
0.714962631,0.618024107,28,petit
1.603021272,0.618342098,26,grand
-1.371523365,0.618617977,0,petit
-0.087820793,0.621053223,0,grand
-1.809530989,0.622335695,0,petit
1.66366647,0.62283509,30,grand
-0.436783763,0.623713885,0,grand
0.196225042,0.624460404,0,petit
-1.99909467,0.624735616,0,petit
0.900525996,0.625183745,17,grand
-0.666542022,0.627186272,0,grand
1.849497556,0.629186431,8,grand
1.009555812,0.631173247,14,petit
1.593406545,0.631368761,22,grand
0.19777919,0.631629218,0,petit
-1.419050584,0.636043215,0,petit
1.079249546,0.636285034,13,grand
0.491248234,0.637701037,0,petit
-0.787669078,0.638000474,0,grand
-0.165326457,0.638660145,0,grand
-1.699009638,0.638936791,0,petit
0.914478539,0.639307949,18,petit
1.939634211,0.639763228,26,grand
0.269187912,0.641493712,0,petit
-0.733188802,0.642081563,0,grand
1.624186933,0.642821776,26,grand
1.445360885,0.644398375,24,grand
-2.157703924,0.645747718,0,petit
0.530499787,0.646194746,20,petit
0.356500404,0.648821388,0,petit
-0.092076384,0.649253317,0,grand
0.381656943,0.649738858,0,petit
-0.126943459,0.650908222,0,grand
-1.896388199,0.651839518,0,petit
-1.270894205,0.652058916,0,petit
-1.157625454,0.653170022,0,petit
-1.449330357,0.654766123,0,petit
-1.683083071,0.655394924,0,petit
0.204750216,0.656003396,0,petit
1.803787853,0.656072986,8,grand
1.729058475,0.656298547,20,grand
-1.237063787,0.656568532,0,petit
-1.149135781,0.657143024,0,petit
-0.989641455,0.657327678,0,petit
1.629097932,0.659375501,29,grand
0.070771681,0.659465426,0,petit
0.832870913,0.65970057,13,petit
0.299360527,0.660100791,0,petit
-1.108038699,0.660913377,0,petit
0.499057048,0.661012399,0,petit
-0.039540966,0.661695754,0,petit
-0.05738423,0.662253153,0,grand
-1.658767036,0.663500153,0,petit
-1.614893674,0.663603218,0,petit
2.130825924,0.663848694,9,grand
-0.756103613,0.66397102,0,grand
0.579753637,0.664735042,22,petit
0.673438676,0.665255431,17,petit
-1.436440188,0.665548818,0,petit
-0.330453669,0.665687331,0,grand
-0.928079375,0.667017824,0,grand
-1.381339405,0.667408576,0,petit
-0.377097154,0.668052687,0,grand
1.289998618,0.668986191,18,grand
-0.435500841,0.669000745,0,grand
0.383219441,0.669727781,0,petit
-1.555948589,0.669768034,0,petit
0.602739467,0.669997854,29,petit
0.067521942,0.67181353,0,petit
-0.239054332,0.672452566,0,grand
-0.330034628,0.672771602,0,grand
-0.966398914,0.673449907,0,petit
-0.742563098,0.673625727,0,grand
0.213666127,0.67602001,0,petit
-1.857436285,0.676358248,0,petit
-2.035242367,0.678096876,0,petit
0.808242368,0.680273695,30,petit
-0.019904747,0.681832752,0,grand
0.906026159,0.681902236,16,petit
1.491457546,0.682252073,10,grand
-1.036910018,0.683902104,0,grand
-1.941514803,0.684940793,0,petit
-0.55405883,0.686125038,0,grand
0.941672372,0.687343317,9,petit
0.52844432,0.68754771,10,petit
0.397239713,0.687918262,0,petit
-0.496000307,0.688603764,0,grand
-0.259812203,0.689913875,0,grand
-0.189071797,0.690282545,0,grand
0.317346187,0.690720516,0,petit
1.383010665,0.690980586,25,grand
1.358190898,0.691872917,14,grand
-1.325094411,0.6931846,0,petit
-1.282147807,0.695415637,0,petit
1.927566491,0.697648259,25,grand
1.135055013,0.697733644,23,grand
0.221993799,0.698758806,0,petit
-1.474000118,0.69923458,0,petit
0.769643714,0.700016807,28,petit
-0.40642138,0.701556021,0,grand
-0.014668246,0.702283833,0,grand
-0.894063438,0.70232329,0,grand
-1.331306579,0.702762055,0,petit
1.062016421,0.703032665,17,grand
0.407295488,0.703545926,0,petit
-0.498787295,0.703885297,0,grand
-1.772789539,0.70455282,0,petit
-1.152760968,0.704979452,0,petit
-0.542574337,0.706974297,0,grand
1.651119459,0.707301707,23,grand
-0.245189978,0.707742209,0,grand
-1.061990252,0.708213057,0,petit
1.439877867,0.70827579,15,grand
-0.964879203,0.708766222,0,petit
-0.474725163,0.709820703,0,grand
-1.038334385,0.710099684,0,petit
-0.716233013,0.710965088,0,grand
-1.588581066,0.71261085,0,petit
1.153577076,0.713030771,20,grand
-0.39163368,0.713200042,0,grand
0.528283628,0.713426365,17,petit
-0.795053964,0.71362541,0,grand
-1.125999848,0.715610823,0,petit
0.436025141,0.715851354,0,petit
0.836395623,0.716972346,13,petit
-1.713692491,0.717406679,0,petit
-0.996263338,0.718170295,0,grand
-0.881719776,0.719181215,0,grand
1.287514553,0.720137059,26,grand
1.04795338,0.720548324,18,petit
1.972714379,0.721279856,30,grand
1.866631108,0.72233074,21,grand
-0.192267114,0.723927359,0,grand
1.769517206,0.724067253,27,grand
-1.117522902,0.724397788,0,petit
0.534835603,0.726385593,25,petit
-1.650122153,0.728574254,0,petit
0.819973863,0.729133069,26,petit
2.096432097,0.729243617,10,grand
1.144357714,0.730193083,9,grand
1.602901415,0.731142696,24,grand
-0.41288888,0.73147395,0,grand
-0.918838623,0.73214798,0,petit
-0.111345938,0.733160341,0,grand
1.118797205,0.73400792,8,grand
-0.857046528,0.734668016,0,grand
-0.625341204,0.735315239,0,grand
0.018018226,0.735337393,0,petit
-0.976783059,0.735585353,0,petit
-0.873099377,0.737178085,0,grand
-1.580701798,0.739455948,0,petit
1.739242343,0.739739591,19,grand
-2.005901689,0.740049621,0,petit
0.110093061,0.74024546,0,petit
-1.844347624,0.740977488,0,petit
-0.048947202,0.741399316,0,petit
2.124230831,0.7414426,8,grand
1.016628603,0.741468363,25,petit
0.755645081,0.741545966,10,petit
-1.021335453,0.742702701,0,petit
-0.813567402,0.744217385,0,grand
1.070507784,0.745033239,11,grand
-0.408809592,0.745142764,0,grand
-0.333554394,0.745923214,0,grand
0.524145959,0.746116578,30,petit
0.428416932,0.74720176,0,petit
0.505702333,0.747524409,9,petit
1.867350127,0.748442983,29,grand
0.74337051,0.749064414,21,petit
0.913048812,0.749227958,26,grand
0.621412475,0.749692597,21,petit
-0.663452638,0.75038897,0,grand
-0.387912705,0.750470573,0,grand
-0.051924222,0.751380609,0,petit
-1.151239212,0.752258717,0,petit
-1.163239461,0.752827153,0,petit
1.656956542,0.75290602,30,grand
-1.293200463,0.75326971,0,petit
-0.510757657,0.75335665,0,grand
-0.506159124,0.753830972,0,grand
0.340663865,0.754164378,0,petit
-1.415741108,0.755675632,0,petit
-0.904018703,0.755756429,0,petit
-1.503286174,0.756485531,0,petit
1.590844614,0.756810385,24,grand
0.427660602,0.756883185,0,petit
-0.537948933,0.757660365,0,grand
-0.302242759,0.758192549,0,grand
-0.000213663,0.759308045,0,petit
0.817949119,0.759356407,20,petit
-1.184489616,0.76009658,0,petit
1.022524489,0.760209022,9,grand
0.616297279,0.760412097,12,petit
-0.57417175,0.761634296,0,grand
-0.667706335,0.761646089,0,grand
0.148792727,0.762060458,0,petit
-0.735083208,0.762148,0,grand
0.486579573,0.762166562,0,petit
-1.425677551,0.762372226,0,petit
-1.398419014,0.762955945,0,petit
-1.949921345,0.763583572,0,petit
0.716804874,0.763708727,27,petit
-0.870722349,0.76699286,0,grand
-0.507346798,0.768593905,0,grand
-0.649634492,0.769163145,0,grand
-1.676663009,0.771104548,0,petit
0.071065208,0.771584217,0,petit
-0.089855208,0.77381636,0,grand
-0.16333522,0.774274633,0,grand
1.913909667,0.774432371,24,grand
1.333781852,0.776969438,24,grand
0.988076768,0.777721999,11,grand
1.787063899,0.77809783,9,grand
1.205469794,0.778202422,11,petit
-0.939213491,0.778954855,0,petit
-0.582778604,0.779190433,0,grand
-1.491032706,0.779792155,0,petit
-0.737733479,0.779821191,0,grand
-2.075053031,0.780012606,0,petit
-1.630930971,0.782285643,0,petit
0.983337983,0.782483665,15,grand
-0.662515667,0.782642486,0,grand
1.230113528,0.784131433,19,grand
-1.241672758,0.784412797,0,petit
-0.862772996,0.784582334,0,grand
-1.48682,0.784901731,0,petit
-0.815216104,0.785357479,0,grand
0.72122374,0.78619532,20,petit
-1.93978568,0.786210328,0,petit
-0.307373299,0.78677911,0,grand
1.141353101,0.788236597,25,grand
-2.109250547,0.788769569,0,petit
0.447415976,0.7891166,0,petit
-1.288871381,0.789231927,0,petit
-1.432062548,0.790392925,0,petit
1.685733855,0.79091689,29,grand
1.963699617,0.791116169,30,grand
0.030220876,0.791125613,0,grand
-1.218947442,0.791240386,0,petit
1.509127631,0.791322879,28,grand
-1.141761418,0.792338641,0,petit
1.427901103,0.79236336,23,grand
1.651615967,0.792688179,10,grand
-1.712379071,0.792889236,0,petit
0.928354982,0.792937001,12,petit
-1.563939077,0.793072056,0,petit
0.235131764,0.793563049,0,petit
-0.766450263,0.793655718,0,grand
-1.696877142,0.793672139,0,petit
-0.935429297,0.794301358,0,petit
0.343297132,0.794474506,0,petit
-0.505418479,0.794865898,0,grand
1.293833127,0.795184854,8,grand
-0.981218666,0.795621162,0,grand
-1.712723397,0.796099975,0,petit
-0.272298509,0.797282327,0,grand
-0.096405212,0.798446005,0,grand
1.627344346,0.799148541,23,grand
-1.633773595,0.801118312,0,petit
-0.676579774,0.801169822,0,grand
1.63749992,0.802389505,12,grand
1.938063131,0.802547286,9,grand
2.10005409,0.802699064,17,grand
-1.889043121,0.802930882,0,petit
1.318969389,0.803564487,11,grand
1.388030096,0.804033023,21,grand
1.387018225,0.804085186,24,grand
-0.411280163,0.804092616,0,grand
-0.562907272,0.804122105,0,grand
0.580223901,0.804301452,22,petit
-2.010714411,0.805353112,0,petit
-0.625884245,0.805373023,0,grand
1.84090483,0.805382252,19,grand
-1.055515301,0.806095255,0,petit
-1.472583794,0.806939343,0,petit
-0.035139238,0.807255684,0,grand
-1.5881261,0.807267821,0,petit
-1.480811201,0.807629174,0,petit
0.909030398,0.809483763,27,petit
0.432852099,0.809649674,0,petit
-1.312177219,0.810678619,0,petit
-0.70162404,0.811338198,0,grand
0.925206122,0.812110075,8,petit
-1.866251306,0.812972561,0,petit
-1.624564028,0.813002943,0,petit
-1.708788378,0.813235968,0,grand
-1.75680608,0.815131319,0,petit
-0.987401199,0.817425632,0,petit
1.618540941,0.818686008,24,grand
-1.662348771,0.819339312,0,petit
-1.169258292,0.822733272,0,petit
1.494660349,0.822916773,18,grand
-0.386618765,0.823083345,0,grand
-1.775636818,0.823159095,0,petit
-0.685601078,0.823915494,0,grand
-0.515668196,0.824271124,0,grand
1.220110793,0.825111194,25,grand
-0.780839672,0.825690427,0,grand
-0.534872898,0.826176465,0,grand
-0.425323883,0.827065275,0,grand
-1.054651926,0.829050663,0,petit
-0.307293189,0.829131699,0,grand
1.516439539,0.829280927,27,grand
-1.539794344,0.829306313,0,petit
0.398370262,0.830314188,0,petit
-0.302769732,0.831939303,0,grand
2.009896778,0.832295245,23,grand
-0.514208046,0.83286767,0,grand
-0.75248329,0.833670207,0,grand
-0.547133362,0.834777724,0,grand
0.656731582,0.835251271,24,petit
-0.009767465,0.835491869,0,petit
0.987276559,0.836188163,20,grand
0.955367348,0.836582767,14,petit
1.528869409,0.838068316,18,grand
0.819699133,0.838413376,8,petit
-0.747991926,0.839374153,0,grand
-1.857856495,0.839807773,0,petit
1.891575356,0.839879574,15,grand
-0.592274101,0.839918819,0,petit
0.315663139,0.840568726,0,petit
-1.362781292,0.841822852,0,petit
-1.007251059,0.843487979,0,petit
-1.053171702,0.843681539,0,petit
1.825815747,0.843740314,15,petit
-1.813927791,0.843927278,0,petit
1.287650926,0.844624241,21,grand
-0.254612803,0.844881821,0,grand
0.668134495,0.845050138,30,petit
1.140914113,0.845100848,29,grand
0.925726196,0.845239121,28,grand
1.152463296,0.845303658,15,grand
0.495559839,0.845709369,0,grand
0.154291537,0.845915066,0,petit
-1.582516224,0.846021757,0,petit
0.070137804,0.846480646,0,petit
-0.329472175,0.847387461,0,grand
-0.702862384,0.847534829,0,grand
1.067044489,0.847832846,28,grand
-1.190060698,0.848169877,0,petit
0.940545459,0.84826882,18,grand
0.503489719,0.848810562,13,petit
-0.506321709,0.849334885,0,grand
-0.128633904,0.849958329,0,grand
-0.956068832,0.850018417,0,grand
1.425025466,0.850524724,27,grand
-1.924409844,0.850756961,0,petit
1.228573535,0.852521999,10,grand
0.726321523,0.852622807,15,petit
-1.56071364,0.852639756,0,petit
-1.76628053,0.853219326,0,petit
-1.309372166,0.853298896,0,petit
-1.62955769,0.853356304,0,petit
1.239062089,0.853393396,20,grand
0.535490583,0.856313674,28,petit
-1.165832358,0.856361642,0,petit
-1.482613083,0.857047277,0,petit
-0.884031788,0.85746306,0,grand
1.757766072,0.857568318,16,grand
-0.952798833,0.85794965,0,petit
-1.370499472,0.858067742,0,petit
-1.424914189,0.858760378,0,petit
1.607711846,0.85876485,22,grand
0.840909367,0.859057646,19,petit
0.411405246,0.859950523,0,petit
1.425647824,0.861044276,19,grand
1.275656098,0.861711402,23,grand
0.356064338,0.864366467,0,petit
-0.792670723,0.866713325,0,grand
0.954833055,0.867283034,25,petit
0.338312261,0.867294642,0,petit
-0.895675626,0.868090926,0,grand
-1.227376625,0.868514278,0,petit
-0.555746933,0.869766067,0,grand
2.028244124,0.869878867,14,grand
0.396425515,0.870104396,0,petit
-1.101499716,0.87038278,0,petit
1.462556599,0.870687359,19,grand
-0.711492546,0.871410948,0,grand
-1.611497178,0.873813672,0,petit
0.38655712,0.873914434,0,grand
0.380974634,0.874003061,0,petit
1.849770584,0.875677923,24,petit
-0.459181171,0.877285506,0,grand
1.833463408,0.877398851,28,grand
0.994809972,0.878145052,25,petit
-0.551101722,0.878352609,0,grand
-0.188493089,0.879226247,0,grand
-0.373225219,0.879374847,0,grand
0.834146991,0.880481253,20,grand
-0.858814177,0.882414236,0,grand
-0.250985894,0.883650306,0,grand
-0.008511929,0.884534703,0,grand
-0.850636901,0.885551907,0,petit
0.3429846,0.885597794,0,petit
0.980256637,0.885635398,19,petit
-1.242940382,0.886248384,0,petit
1.895881802,0.886711763,11,grand
-1.040107891,0.888085088,0,petit
0.480407612,0.889284478,0,petit
-0.926093454,0.890628497,0,petit
1.38379887,0.891428456,22,grand
0.969880931,0.891499544,14,petit
0.380222346,0.891739773,0,petit
1.86400854,0.89184051,24,grand
1.175334073,0.891898106,13,grand
0.007164659,0.89199892,0,petit
1.547165277,0.892564243,29,grand
0.668122362,0.893239921,22,petit
0.804689864,0.894049897,8,petit
-1.003356071,0.894809106,0,grand
0.525327147,0.894887922,16,petit
0.102019334,0.895985896,0,grand
0.805888303,0.896760692,15,petit
0.686344608,0.897066496,14,petit
-1.706948738,0.899054516,0,petit
-0.806657189,0.900498359,0,grand
1.580058808,0.900503084,8,grand
1.580897195,0.900871888,11,grand
-1.355727651,0.901929393,0,petit
-1.047936818,0.902379549,0,petit
1.343069678,0.902881848,11,grand
1.506532474,0.903212457,29,grand
1.310970137,0.903840744,25,grand
-0.437927442,0.904495042,0,grand
-1.008482845,0.906276892,0,petit
-1.804784767,0.906950371,0,petit
-1.57392296,0.908206166,0,petit
-0.482672851,0.908323604,0,grand
0.634189411,0.908961768,24,petit
-1.776071175,0.909378642,0,grand
0.806701561,0.909547973,21,petit
1.887090492,0.910810263,9,grand
-0.071157888,0.911125729,0,petit
1.235794785,0.911685031,16,grand
-0.658517244,0.91271837,0,grand
0.640011086,0.912795977,18,petit
-0.442539565,0.915463449,0,grand
-0.333257403,0.915675422,0,grand
1.715737176,0.916733818,9,grand
1.921045951,0.916968437,21,grand
0.068227036,0.917490181,0,petit
-2.019303482,0.918542246,0,grand
0.181150684,0.920059493,0,petit
-0.685394238,0.921688144,0,grand
1.959437814,0.921753963,12,grand
-0.851929938,0.922453729,0,petit
-0.958626045,0.923253246,0,grand
0.960810445,0.924265451,10,petit
-0.869446217,0.924285246,0,grand
1.329000683,0.92480224,18,grand
-1.970956907,0.929175822,0,grand
-1.628081978,0.929436007,0,grand
0.181610893,0.930838326,0,petit
0.742179625,0.930851797,12,grand
-1.209220453,0.930855062,0,grand
-1.617466461,0.931510401,0,grand
0.213215797,0.933140714,0,grand
1.456220541,0.933398899,16,grand
1.619105534,0.934538243,9,grand
1.214489209,0.934983704,12,grand
-1.170898918,0.935732737,0,petit
0.62480211,0.936061273,25,petit
-1.594315657,0.936831135,0,petit
1.692337891,0.938160177,21,petit
1.93612008,0.938885502,22,grand
0.981685819,0.939268949,29,petit
-0.635706249,0.93964545,0,grand
-1.380093782,0.93989329,0,grand
1.211395963,0.939905228,30,grand
0.639858905,0.939907907,23,petit
-0.381850899,0.940441433,0,petit
-0.00568371,0.940519181,0,petit
0.75534119,0.940712905,19,petit
-1.567648986,0.941811977,0,petit
-0.496717146,0.941930985,0,petit
-0.943632043,0.942950015,0,petit
-0.200061151,0.943688253,0,grand
-0.192989545,0.944225829,0,grand
1.564600148,0.944458242,28,grand
-1.976799041,0.945417017,0,grand
-0.824120516,0.947597468,0,grand
0.720170451,0.947672118,29,petit
0.114535721,0.947936332,0,petit
1.127298561,0.94898618,24,grand
0.513604436,0.950103011,20,grand
1.794525762,0.950232214,21,grand
-0.177778456,0.950507902,0,grand
2.122437997,0.95115905,11,grand
-1.236048096,0.952142883,0,grand
-1.530105159,0.953179108,0,grand
-0.92175713,0.954297485,0,grand
-0.148922252,0.955048465,0,grand
-1.561150281,0.956146581,0,petit
1.475244447,0.956274559,22,grand
-0.366684742,0.956710194,0,grand
-0.817345956,0.957275837,0,grand
-2.089976754,0.958238036,0,petit
-1.882215151,0.958400682,0,grand
-2.131225593,0.958470506,0,petit
-0.930410744,0.95870046,0,petit
-1.205738643,0.959734332,0,petit
-0.447024685,0.960787494,0,grand
0.794138585,0.961016406,21,grand
-1.688128391,0.961370903,0,petit
1.874907343,0.963328683,28,grand
-0.382845075,0.964501774,0,grand
0.377431337,0.964870621,0,petit
0.050162297,0.964918006,0,petit
-1.877231126,0.965124784,0,petit
-0.361276519,0.965264341,0,petit
0.710801705,0.965333184,21,petit
2.012482703,0.96560199,23,petit
-0.658472767,0.965891203,0,petit
0.123772914,0.967419658,0,grand
1.650431282,0.968168224,21,grand
1.238978167,0.968933013,20,grand
0.067471411,0.969684061,0,grand
-0.750079893,0.970796898,0,petit
-0.68496802,0.971246091,0,grand
0.818391828,0.971523845,9,grand
1.824832705,0.9716118,9,grand
-0.432426354,0.971924107,0,grand
1.313645437,0.973384804,15,grand
-1.256171531,0.974099676,0,grand
0.551682469,0.975108846,29,grand
0.964915497,0.975172203,10,petit
-0.202319833,0.975265237,0,petit
0.034617102,0.975593737,0,petit
0.602749926,0.975708571,17,grand
1.511796431,0.975976923,25,petit
0.117193375,0.978052404,0,petit
0.677654165,0.978160545,14,petit
1.635130643,0.978644599,13,grand
0.445053813,0.978730437,0,grand
0.796392873,0.978941372,27,grand
-1.825810562,0.980396653,0,petit
1.89506592,0.980732545,17,grand
-1.823731542,0.981641876,0,petit
-0.915274985,0.983318137,0,petit
0.966485529,0.983713758,25,petit
-1.686093028,0.983860033,0,grand
-1.892254147,0.984260731,0,grand
-0.01325496,0.984729374,0,petit
-1.12743888,0.98623184,0,grand
-0.074459564,0.986293663,0,petit
0.351526169,0.986309689,0,grand
0.005775499,0.987634615,0,petit
-1.620337393,0.990229431,0,grand
1.792753439,0.990647121,16,petit
-2.057734014,0.99261581,0,grand
-0.496534538,0.992675765,0,petit
1.036377331,0.992980344,12,petit
0.667548147,0.99323181,13,petit
0.573912402,0.994805537,11,grand
-1.647926542,0.995962814,0,grand
1.142950777,0.995981124,11,petit
-0.498636609,0.996409665,0,grand
0.735779432,0.996830919,8,grand
-1.311828993,0.99697864,0,grand
-0.050577631,0.997692019,0,grand
0.044804788,0.998081374,0,grand
0.948266921,0.999213296,18,grand
-1.882942989,0.999579171,0,petit
0.229803025,0.999679195,0,grand
0.681286101,0.999823279,19,grand
-0.091216309,1.001229737,0,petit
0.939294733,1.001677299,14,petit
1.639934181,1.001758491,10,petit
1.076951991,1.002058248,23,petit
-1.401889298,1.002203985,0,grand
-1.728026714,1.002210802,0,grand
-1.043981357,1.002281881,0,grand
-0.418176363,1.003269877,0,petit
0.446104596,1.003762899,0,petit
-0.197792723,1.00415696,0,petit
-1.813506856,1.004600324,0,grand
-1.263744453,1.004697296,0,grand
-0.765218462,1.00554648,0,petit
1.705867392,1.007721548,30,grand
-1.212481253,1.008260597,0,grand
1.374791471,1.009177268,20,grand
-0.171835918,1.009562101,0,petit
-0.812898731,1.009911145,0,petit
-1.216153306,1.010096175,0,grand
0.33181778,1.010107956,0,grand
0.487804858,1.010628637,0,petit
0.507187218,1.013436981,17,grand
-1.817375739,1.013603869,0,petit
-0.03132965,1.017276648,0,grand
0.749785031,1.017379208,19,petit
1.865549542,1.017739611,23,grand
1.444519689,1.018551881,26,petit
0.312001101,1.018803464,0,petit
-2.076162447,1.019670054,0,grand
1.294765694,1.019810526,23,petit
-1.390528959,1.021279969,0,grand
-1.454123102,1.021502041,0,grand
-1.356958255,1.021615947,0,petit
0.883546465,1.021643091,14,grand
-0.064971234,1.022435455,0,petit
-0.474610873,1.022671322,0,petit
1.331447559,1.022767091,8,petit
-1.392726277,1.023122045,0,grand
0.938015782,1.023278251,10,grand
0.044006878,1.024054298,0,grand
0.003251395,1.024424247,0,petit
-0.806012234,1.024663741,0,grand
-0.888126657,1.025455275,0,petit
-1.784516126,1.025992042,0,grand
-0.841852832,1.026992528,0,petit
-0.676028761,1.027602481,0,petit
-0.259922303,1.027674093,0,grand
1.565065422,1.027797612,15,grand
1.092308387,1.028796757,23,grand
-0.119462145,1.029110895,0,petit
1.376406882,1.029611181,17,grand
-1.067140151,1.031369594,0,grand
1.585280175,1.031666778,29,petit
0.529235984,1.032142874,23,petit
0.84593272,1.033101449,16,grand
-2.046788476,1.033517027,0,grand
-0.484157285,1.03532743,0,grand
-1.841853717,1.035346195,0,petit
-1.333357279,1.036250073,0,grand
0.941696725,1.037840844,19,grand
-0.616415602,1.040119409,0,petit
-1.235783497,1.040602463,0,grand
-1.64761729,1.041025398,0,petit
-0.162448358,1.041256826,0,petit
-1.349425381,1.041674612,0,grand
-0.863020429,1.041765027,0,petit
0.833467831,1.041887994,13,grand
0.014510465,1.042704456,0,petit
1.258996186,1.045844702,15,petit
1.762672646,1.046584125,13,grand
0.17342671,1.047645414,0,grand
-1.122630203,1.048417062,0,grand
-1.139160828,1.04844315,0,grand
0.487837762,1.048456724,0,grand
-0.391755793,1.048836552,0,petit
1.380709607,1.048983976,15,petit
0.247598007,1.049333932,0,grand
0.006360154,1.052090077,0,grand
-0.147969998,1.053209277,0,petit
0.790150465,1.053286329,28,grand
0.999352993,1.054336649,15,grand
0.827137491,1.055004162,16,grand
-0.715810366,1.055676185,0,grand
0.916910489,1.056895539,25,grand
1.158127314,1.057655051,13,petit
-0.108783434,1.058632743,0,petit
0.828430923,1.058746359,27,petit
-0.131863781,1.05899905,0,petit
-0.47244306,1.059750865,0,petit
0.701835454,1.059787204,25,grand
0.043727056,1.060147974,0,grand
1.360941242,1.060590952,18,grand
0.731849536,1.061602073,30,petit
-1.36503677,1.062196622,0,petit
1.914815167,1.062995381,16,grand
0.111383342,1.063018332,0,grand
0.053516365,1.066519607,0,grand
1.620892338,1.068103283,12,petit
-1.268453226,1.069114368,0,grand
1.50586672,1.070324852,9,grand
-2.109582357,1.071830455,0,grand
0.73514422,1.071892898,21,petit
0.8868463,1.07232598,10,petit
0.3809947,1.072550466,0,grand
-2.027173636,1.072914716,0,petit
-1.847620203,1.073823563,0,petit
0.304173214,1.074545552,0,grand
0.379038896,1.075371296,0,petit
-0.490578329,1.075434895,0,grand
1.120069964,1.075805102,21,petit
1.133322052,1.077660916,25,grand
-2.011865834,1.078129493,0,grand
-0.405599366,1.07882997,0,petit
-1.426615559,1.078904127,0,grand
2.054863821,1.0792485,29,petit
0.328679519,1.079616986,0,petit
-1.263934349,1.079748456,0,grand
1.101784684,1.080579567,28,petit
-0.351753229,1.080692133,0,petit
-1.395892235,1.081431153,0,grand
0.032886361,1.081511707,0,petit
1.654655032,1.081550377,16,petit
1.354315458,1.08176417,20,petit
-1.039758323,1.08188968,0,grand
1.031210693,1.081905415,24,grand
-0.460532626,1.08203929,0,petit
1.821014843,1.083226312,19,petit
-0.142807404,1.083340839,0,petit
-0.321202781,1.084630807,0,petit
0.566355596,1.084681579,30,petit
1.834149191,1.085278917,14,petit
-0.023495393,1.086520322,0,grand
0.624095847,1.087071444,15,petit
-1.586862265,1.092912819,0,petit
1.464426019,1.094173513,8,petit
-1.185947801,1.095981676,0,grand
-1.062374365,1.096581006,0,grand
1.8469423,1.096957904,9,grand
1.600425275,1.097322857,30,petit
-0.512689733,1.099641177,0,grand
-0.21605466,1.099939282,0,petit
-0.622651239,1.099986426,0,petit
-0.403710181,1.100041149,0,grand
-1.587015576,1.10199638,0,grand
0.145404702,1.102167336,0,petit
0.538652955,1.103802899,27,grand
-1.246442713,1.104797813,0,grand
-0.145068865,1.10607215,0,petit
-0.445527409,1.106434595,0,petit
-0.859571102,1.107970819,0,petit
-0.162478517,1.108208685,0,petit
1.813933729,1.108544709,21,petit
-1.755845697,1.110342603,0,grand
-1.1657643,1.111121232,0,grand
-0.79669413,1.112039487,0,petit
0.310666945,1.112560799,0,grand
0.904100841,1.112827768,19,petit
-1.828147374,1.113161839,0,grand
1.632830729,1.11396655,9,petit
0.912202011,1.116546355,22,grand
0.5370143,1.117639851,20,grand
0.902070922,1.118185518,11,grand
-2.002313629,1.118386344,0,grand
0.712175819,1.118578447,17,grand
-1.581725185,1.118706598,0,grand
1.165886395,1.11907445,26,petit
-0.74527998,1.119941597,0,grand
1.805894273,1.121030145,16,petit
0.898017934,1.121283642,8,grand
-0.792034891,1.12233153,0,petit
1.44369817,1.122886747,25,petit
1.056778292,1.123513172,28,grand
0.524422724,1.12359866,16,grand
-1.148983566,1.123666847,0,grand
1.751324442,1.124491115,17,petit
1.930237888,1.12524231,12,grand
0.614648086,1.125254326,26,grand
0.752094068,1.126180133,11,grand
-0.522647117,1.126196621,0,petit
1.512389949,1.127943153,23,petit
-0.934532623,1.128878398,0,petit
0.058589303,1.129353288,0,petit
-0.277962691,1.130079326,0,petit
2.00328717,1.130117572,11,petit
0.984489813,1.130394189,24,petit
-0.418789509,1.132582949,0,petit
0.032272118,1.132741632,0,petit
1.841502062,1.133055157,23,petit
0.412290871,1.133887534,0,grand
-0.616868702,1.134617703,0,petit
-0.960257509,1.134765582,0,petit
-1.439714079,1.136393093,0,grand
-0.658534805,1.136422536,0,petit
0.383908973,1.137315905,0,grand
-0.662536461,1.137925425,0,petit
0.844254289,1.138179292,14,grand
-1.184727958,1.13821736,0,grand
0.257463371,1.138667952,0,grand
-0.741333687,1.138701531,0,grand
0.313917994,1.13888382,0,grand
-0.168293875,1.140895652,0,petit
2.118880755,1.140961637,22,petit
-0.752070062,1.141035327,0,petit
-0.183237116,1.141245932,0,grand
-0.702839996,1.141745338,0,petit
-0.978018977,1.141817374,0,grand
1.150762938,1.142289654,17,petit
-1.73257275,1.142393499,0,grand
-0.663443524,1.142700412,0,petit
-0.200146114,1.14444201,0,petit
-0.881075692,1.144628557,0,petit
1.315901457,1.145093049,19,petit
0.803685188,1.145629024,11,grand
1.47363328,1.145773852,16,grand
0.282239545,1.146289886,0,grand
0.878486237,1.146740812,26,grand
0.462785706,1.148724004,0,grand
0.477003689,1.148983556,0,grand
-0.802271095,1.151349851,0,petit
-1.910187085,1.153014516,0,grand
1.615621579,1.153407969,18,petit
-0.34830734,1.154588485,0,petit
-1.143959519,1.154767605,0,grand
1.403862712,1.154855437,22,petit
-1.629293633,1.155071373,0,grand
0.132235579,1.155648509,0,grand
-1.661002894,1.156586849,0,grand
-0.130998204,1.156622354,0,petit
-1.199469002,1.157290379,0,grand
-1.551583256,1.158229287,0,grand
-0.857037546,1.159998719,0,petit
-0.140125362,1.160952579,0,petit
1.148315838,1.161537176,21,petit
-1.897931128,1.161887709,0,grand
0.196206893,1.161995705,0,petit
-1.053208198,1.162405005,0,grand
0.852691445,1.163996336,24,grand
-0.198141578,1.164048177,0,petit
0.32105469,1.164321517,0,grand
-0.966510057,1.16467483,0,grand
-0.836341525,1.165303175,0,petit
0.231816884,1.165581084,0,grand
1.538685402,1.166339547,24,petit
0.42736634,1.166515091,0,grand
0.8409698,1.166701307,24,grand
-1.547874384,1.166947513,0,grand
1.115536112,1.167643455,14,petit
-0.52259685,1.167723788,0,petit
-0.919356964,1.16986557,0,petit
1.544037667,1.17151336,9,petit
1.572087838,1.174351899,15,petit
-0.258093183,1.175153703,0,petit
-1.313885528,1.175470763,0,grand
-0.264011236,1.175618224,0,petit
0.341539993,1.176754711,0,grand
-0.998680284,1.177263419,0,grand
-1.237188264,1.177360914,0,grand
1.888768201,1.178081219,14,petit
1.763075129,1.179381272,22,petit
-0.118933565,1.180155363,0,petit
0.607541267,1.1812188,22,grand
-1.588223255,1.181871235,0,grand
-1.03902926,1.182081956,0,petit
0.522196297,1.182585555,10,grand
-0.28941917,1.183068946,0,petit
0.598945111,1.184573257,30,grand
1.14243894,1.185300953,29,petit
1.967686323,1.186148134,16,petit
1.075287978,1.186193395,22,petit
1.402638578,1.186263469,25,grand
1.366328553,1.187610432,28,petit
-1.062454438,1.187772918,0,grand
-0.295151241,1.187865596,0,petit
1.078338046,1.187998111,26,grand
-0.639179397,1.189369645,0,petit
-0.862368509,1.189737168,0,petit
-1.319300401,1.189855759,0,grand
-0.264875234,1.190743367,0,petit
-1.482812239,1.191571436,0,grand
0.161594182,1.192798927,0,grand
-1.963600516,1.193086897,0,grand
0.451927514,1.193514944,0,grand
0.404206752,1.195301515,0,grand
-1.954691294,1.195327172,0,grand
-0.089167206,1.195448602,0,petit
-1.256067672,1.196500603,0,grand
1.165939726,1.197049543,25,petit
1.493044279,1.198037744,17,petit
1.09432632,1.198547802,27,petit
1.561531212,1.19926691,30,petit
-1.118738294,1.199343479,0,petit
-1.818689122,1.199862973,0,grand
1.765518947,1.200916512,19,petit
1.817693428,1.201226121,30,petit
0.07784171,1.202956632,0,grand
1.495502041,1.20390395,14,petit
0.288004126,1.204358796,0,grand
1.671040924,1.204771075,11,petit
-1.565674261,1.206068951,0,grand
0.999383845,1.206545205,23,petit
-0.85142362,1.207040864,0,petit
-0.996370783,1.207279859,0,petit
-1.365463184,1.207933233,0,grand
0.731718933,1.208462463,15,grand
1.123310159,1.208847218,19,grand
-1.720626116,1.21065902,0,grand
-0.223439765,1.211060038,0,petit
1.059280864,1.214998404,18,petit
1.370844895,1.215567092,29,petit
0.171236822,1.216423767,0,grand
0.303093515,1.217028311,0,grand
-1.338155151,1.217321869,0,grand
1.36751669,1.218725292,29,petit
0.807065714,1.218788375,27,grand
-2.036261596,1.219094616,0,grand
-0.100879147,1.220676166,0,petit
-0.201719346,1.220944991,0,petit
-0.268550025,1.221138664,0,petit
0.784174647,1.222281568,10,grand
0.416147697,1.222672874,0,grand
1.466246236,1.222683865,12,petit
0.691161745,1.223577404,24,grand
-0.63445823,1.224123261,0,petit
-0.31006313,1.224791493,0,petit
0.725123039,1.224888527,19,grand
-0.56199345,1.225186469,0,petit
0.720631258,1.226264501,14,grand
-1.110852637,1.226660149,0,grand
1.464553769,1.227188752,13,grand
1.578971537,1.228933472,10,petit
0.402571271,1.229991273,0,grand
-0.604802033,1.230503545,0,petit
0.640929758,1.230751985,13,grand
0.646209823,1.232688381,16,grand
-0.953619193,1.234545586,0,petit
-0.02444322,1.234782018,0,grand
-1.607137842,1.235254403,0,grand
-1.620147554,1.235802462,0,grand
-1.063862061,1.23597949,0,petit
0.715483895,1.236146042,25,grand
-1.223946949,1.238297274,0,grand
-0.971049022,1.238531932,0,petit
-0.175788553,1.239067368,0,petit
0.68592754,1.239201872,29,grand
-1.853323292,1.239384922,0,grand
0.629689993,1.239529786,13,grand
0.008112995,1.24036362,0,grand
-0.688696844,1.240707583,0,petit
1.444175207,1.241378857,26,petit
-0.841041928,1.241767358,0,petit
-1.552755948,1.244020334,0,grand
-1.76207332,1.244577936,0,grand
1.040583231,1.244947749,8,petit
-0.852935147,1.246399449,0,petit
-0.697586792,1.246490785,0,petit
0.187895025,1.247158726,0,grand
1.939391477,1.247735555,14,petit
0.194755208,1.248238355,0,grand
-0.157842089,1.249039237,0,petit
-1.088140401,1.249189904,0,grand
-1.203339976,1.249534489,0,grand
0.142347625,1.250297351,0,grand
0.539300401,1.251405804,18,grand
-0.883462413,1.251879612,0,petit
0.108265533,1.251992554,0,petit
-1.595509164,1.252974508,0,grand
-1.991053085,1.253705885,0,grand
-1.47767079,1.254218978,0,grand
1.568042498,1.254965898,18,petit
0.087612189,1.255338573,0,petit
0.539961545,1.255400161,24,grand
-1.537979479,1.255539551,0,grand
1.28646284,1.25582127,23,petit
-1.772029769,1.256440518,0,grand
1.817017233,1.25666414,23,petit
-0.951400079,1.256667394,0,grand
1.714748513,1.259978331,23,petit
-0.174790938,1.260130172,0,petit
-1.77608858,1.260165598,0,grand
-0.602530583,1.260815658,0,petit
-1.956190965,1.261252953,0,grand
-0.630647706,1.263229926,0,petit
1.810908371,1.263561932,18,petit
-1.542709447,1.263651068,0,grand
0.073291879,1.263941695,0,grand
-1.191563526,1.263955381,0,grand
-0.255357214,1.265393654,0,petit
-0.262681688,1.265922146,0,petit
-0.126539685,1.26687217,0,petit
-1.579795158,1.267155551,0,grand
-0.956090861,1.268426695,0,petit
-1.414783055,1.269849433,0,grand
-1.106652176,1.270778665,0,grand
0.273596001,1.270894099,0,grand
0.775346266,1.2735873,29,grand
-1.674447925,1.273882722,0,grand
-1.589676388,1.274705919,0,grand
1.854812734,1.275266404,28,petit
-0.912162676,1.276582682,0,petit
-0.965327789,1.277959163,0,grand
1.65883442,1.279029096,25,petit
-1.266101137,1.279258502,0,grand
-0.209235044,1.279787518,0,petit
1.054480095,1.281083494,12,petit
1.174496628,1.281093997,27,petit
-0.254922645,1.281497177,0,petit
-0.795112836,1.282133481,0,petit
1.452964511,1.283287222,20,petit
0.482552773,1.284696925,0,grand
-1.823298407,1.285099731,0,grand
-1.456502965,1.285253811,0,grand
-0.525957254,1.285477285,0,petit
1.909628969,1.285484894,9,petit
1.499058235,1.285485848,29,petit
1.758556294,1.285960245,8,petit
-0.406422663,1.28663342,0,petit
0.361082785,1.28751829,0,grand
2.128576124,1.288393734,13,petit
-0.690862576,1.293046765,0,petit
0.15155571,1.293357135,0,grand
-0.483414797,1.293878914,0,petit
-0.234852876,1.294668135,0,petit
0.824552252,1.296561701,25,grand
1.842863234,1.297942136,11,petit
-1.273841362,1.298014114,0,grand
-1.680466117,1.299815452,0,grand
0.496089753,1.300729979,0,grand
1.271153497,1.300897273,13,petit
0.255804857,1.301677004,0,grand
-0.473747264,1.301919884,0,petit
0.667703498,1.303778312,10,grand
-1.361863743,1.304020158,0,grand
1.72383777,1.304512191,15,petit
1.198095052,1.30468202,15,petit
0.108899922,1.305479159,0,grand
-0.522370022,1.30646182,0,petit
-1.010006626,1.306812098,0,grand
-1.509304811,1.307722419,0,grand
1.138977105,1.30851582,25,petit
-1.770534186,1.312346862,0,grand
-1.336351647,1.312467616,0,grand
1.448946371,1.314792494,21,petit
1.306250186,1.314867143,26,petit
-1.015314574,1.315035024,0,petit
1.536505498,1.315752269,10,petit
1.006071324,1.316768058,21,grand
0.544374593,1.317069876,22,grand
2.021831925,1.317442269,9,petit
0.50460131,1.318651425,12,grand
1.474813445,1.318776405,11,petit
-1.556324495,1.318850309,0,grand
-0.076195856,1.319412543,0,petit
-1.654175333,1.319525297,0,grand
-0.921201449,1.319858445,0,grand
0.132907138,1.321406677,0,grand
-1.970882565,1.322148564,0,grand
-0.407012464,1.32258916,0,petit
-1.278400206,1.323413316,0,grand
0.903524863,1.323475796,12,grand
-0.691216229,1.325336007,0,petit
1.031810476,1.325356082,11,grand
-1.038901855,1.325642387,0,grand
-1.060097325,1.325796418,0,grand
0.513927567,1.326077662,9,grand
1.189932143,1.32653094,16,petit
0.811270832,1.326591133,26,grand
0.506371047,1.326846102,23,grand
-0.779195796,1.327523064,0,petit
-0.377058074,1.327529378,0,petit
-0.48180511,1.327919141,0,petit
-1.482438848,1.329526714,0,grand
0.632983176,1.330148642,13,grand
0.795994231,1.331630216,10,grand
0.767158455,1.332667582,8,grand
1.431454742,1.333833468,25,petit
-1.887754685,1.334448298,0,grand
1.697195588,1.334901179,18,petit
1.197840915,1.335115865,24,petit
-0.410454707,1.335371485,0,petit
-1.420694601,1.33558731,0,grand
-1.672069813,1.336264979,0,grand
-0.35922075,1.33705738,0,petit
-0.362336861,1.337347367,0,grand
-0.142026172,1.339061752,0,petit
1.779434017,1.339316571,16,petit
1.88897417,1.339420851,25,petit
0.648859494,1.339487015,22,grand
-0.178899517,1.339973243,0,petit
0.140147228,1.340295406,0,grand
-2.048442542,1.340925785,0,grand
1.657195091,1.341288845,25,petit
1.241520572,1.342012555,15,petit
1.11106647,1.342069639,15,petit
0.680417253,1.343576361,20,grand
0.074453377,1.343858277,0,grand
1.25786755,1.345524688,11,petit
-1.124774523,1.345872113,0,grand
-0.479961631,1.346246825,0,petit
-1.449001685,1.34754636,0,grand
-0.946906336,1.348086449,0,grand
-1.0559865,1.350571159,0,grand
-0.883245391,1.350716059,0,petit
1.047222888,1.35314626,16,petit
1.202336331,1.355588601,15,petit
-0.624094787,1.355849146,0,petit
0.509744853,1.356052063,28,grand
1.007157357,1.357584752,21,petit
1.691190669,1.357847722,26,petit
1.629096861,1.358595484,26,petit
-0.911636638,1.359283371,0,petit
-1.927648513,1.35953573,0,grand
0.680364443,1.359753541,10,petit
2.027894398,1.360260129,14,petit
0.658121977,1.362568984,25,grand
1.320247979,1.364102468,22,petit
1.579053398,1.364465772,27,petit
1.625509841,1.364735745,30,petit
0.317523668,1.364778795,0,grand
-1.082442923,1.365398704,0,grand
-1.599259079,1.366209038,0,grand
1.711699575,1.366848948,17,petit
-1.84876683,1.367121184,0,grand
0.771654461,1.367937835,26,grand
-1.566564397,1.368340532,0,grand
-0.006992636,1.36836709,0,petit
0.31146172,1.368753944,0,grand
0.356369419,1.369023868,0,grand
-0.190058321,1.369095923,0,petit
-0.806082641,1.370562943,0,petit
-0.386576867,1.370611834,0,petit
1.825156708,1.370641732,21,petit
0.302555716,1.371250695,0,grand
1.303947481,1.37134746,17,petit
-1.327488479,1.372049757,0,grand
1.69241164,1.372751291,17,petit
1.642141078,1.373213491,18,petit
0.488586003,1.375382515,0,grand
-1.479598354,1.377204545,0,grand
0.934084997,1.378199231,18,petit
-0.408312897,1.378231814,0,petit
0.613803473,1.379926183,28,grand
0.369599793,1.380302728,0,grand
-1.72093109,1.38098671,0,grand
-0.449387512,1.381657333,0,petit
1.675869609,1.382053122,27,petit
0.714910299,1.382463805,22,grand
-0.22670487,1.38247778,0,petit
0.631194806,1.382722832,20,grand
-0.305080882,1.38296503,0,petit
-0.538807611,1.384326165,0,petit
0.54573003,1.384707464,27,grand
0.326337708,1.384801446,0,grand
1.623291585,1.384958427,19,petit
0.546050639,1.385116468,27,grand
0.778646525,1.385515861,24,grand
-0.388157667,1.385747313,0,petit
-1.227536563,1.388303819,0,grand
1.124719904,1.389071415,26,petit
1.367594776,1.389451199,21,petit
1.48361789,1.389697517,28,petit
0.520335752,1.38974376,10,grand
-1.695785924,1.390088574,0,grand
-0.712877418,1.39159599,0,petit
0.770717268,1.392132918,18,grand
0.068143581,1.394197785,0,petit
-1.420865751,1.394865586,0,grand
-2.030644454,1.394963052,0,grand
-0.071636979,1.395964311,0,petit
0.627590889,1.39678457,22,grand
-0.683368966,1.397595471,0,petit
-1.622249015,1.397622695,0,grand
-0.8481419,1.398894402,0,petit
1.389068544,1.3993221,15,petit
1.231174401,1.400737999,27,petit
0.967889426,1.400909206,18,petit
0.217319386,1.401391891,0,grand
1.362280027,1.401468212,9,petit
-0.866044469,1.402157878,0,petit
-1.697592049,1.403159594,0,grand
1.447409237,1.403367903,15,petit
0.294913262,1.403996036,0,grand
-1.790069674,1.404382456,0,grand
-0.622000584,1.404985078,0,petit
1.594525595,1.406559964,16,petit
0.943812618,1.40665008,8,grand
1.449912464,1.408443485,20,petit
1.20029791,1.409519238,30,petit
0.628371708,1.410187676,16,grand
-1.850458965,1.41035029,0,grand
-1.514944369,1.410757353,0,grand
-1.217605476,1.411574373,0,grand
-0.810335192,1.412340926,0,petit
1.120833103,1.413006835,17,petit
-1.616366264,1.414048518,0,grand
0.925869978,1.414063541,11,grand
-0.221092519,1.414127807,0,petit
-1.092933478,1.41507713,0,grand
-0.70427468,1.415388951,0,petit
-0.559483042,1.416114203,0,petit
-0.804288151,1.416249087,0,grand
-1.986245819,1.41677688,0,grand
-0.601218527,1.417331474,0,petit
-1.466434952,1.417377707,0,grand
0.082530624,1.417462836,0,petit
-1.901726471,1.418827585,0,grand
-0.0747389,1.420387013,0,grand
-0.047862489,1.421949132,0,petit
1.850225778,1.42204393,23,petit
-0.630189379,1.422248743,0,petit
0.900859785,1.422653388,21,petit
1.296296493,1.422731751,11,petit
1.59292208,1.423236324,28,petit
0.919242326,1.424078612,9,grand
-0.55101535,1.425157247,0,petit
-0.595847462,1.425226321,0,petit
1.943931685,1.425887564,17,petit
0.91665496,1.426184221,17,grand
1.158999683,1.4262235,20,petit
-0.778179363,1.426584707,0,petit
1.14005676,1.427854394,27,petit
0.246890772,1.42999324,0,grand
1.098046509,1.431295804,30,petit
1.502333897,1.431489061,30,petit
0.902076911,1.431539014,19,grand
-1.454289468,1.431561749,0,grand
-0.42172029,1.433272465,0,petit
-1.12735263,1.434700988,0,grand
0.238891319,1.434738116,0,grand
0.83312622,1.438161127,26,grand
2.078804026,1.438468075,24,petit
1.836412121,1.438775014,22,petit
1.164927894,1.440765504,24,petit
1.496729954,1.440919602,15,petit
0.589230237,1.44111836,18,grand
0.261428968,1.441447999,0,grand
-1.818719616,1.443253381,0,grand
0.487681164,1.443550201,0,grand
-1.500025346,1.443616446,0,grand
-0.731762606,1.443704336,0,petit
1.531952632,1.444140291,9,petit
-1.178549512,1.445077552,0,grand
0.113408587,1.445825184,0,grand
-1.35000556,1.446042282,0,grand
-0.500918294,1.446279398,0,petit
0.168462876,1.447515472,0,grand
0.548271373,1.449030462,21,grand
1.143264715,1.449396201,15,petit
0.81625643,1.452091797,8,grand
1.299792044,1.454072449,30,petit
0.026550843,1.456122535,0,grand
0.620661098,1.456289246,20,grand
0.533157606,1.456757321,21,grand
-1.006425934,1.456904357,0,grand
-1.420349504,1.457681899,0,grand
-0.11641497,1.463070445,0,petit
1.673159569,1.464194502,15,petit
-1.8955489,1.465749256,0,grand
-1.055705157,1.467011428,0,grand
0.318591347,1.468007835,0,grand
1.736767334,1.468126942,21,petit
1.701660017,1.468133596,22,petit
-1.881105976,1.468386977,0,grand
0.793785628,1.469151659,16,grand
1.11163393,1.469646985,14,petit
0.745002906,1.470107422,26,grand
0.048911534,1.471039079,0,grand
0.217248397,1.471214482,0,grand
-1.463308074,1.47296733,0,grand
-0.926634668,1.472981385,0,petit
-0.148399751,1.47321376,0,petit
-0.452551778,1.47426604,0,petit
-0.92628333,1.475143458,0,grand
-1.572982213,1.478703713,0,grand
-0.316882986,1.480868897,0,petit
-0.705057081,1.482770301,0,petit
-0.268520945,1.483658363,0,petit
-1.689887137,1.48514444,0,grand
1.735245401,1.48529386,20,petit
-0.550351664,1.485875881,0,petit
1.403410708,1.486645416,17,petit
0.251959048,1.486673581,0,grand
-1.256178768,1.486775421,0,grand
-1.878994802,1.487335624,0,grand
-1.915259643,1.488082492,0,grand
2.099259572,1.488797617,25,petit
0.895731494,1.489301913,21,grand
0.91593883,1.489780467,14,grand
-1.039069877,1.489811219,0,grand
0.388210788,1.490627785,0,grand
-0.238105529,1.491450264,0,petit
1.595590777,1.491862919,12,petit
0.021834416,1.49188022,0,grand
-0.358786638,1.492756006,0,petit
-1.248697016,1.493494663,0,grand
1.412686109,1.494037594,9,petit
-1.564728571,1.494527745,0,grand
0.775934569,1.495549572,13,grand
2.056776271,1.495622567,28,petit
1.395907863,1.495717301,8,petit
1.670017017,1.496382854,9,petit
-1.306504425,1.499342033,0,grand
1.149376395,1.499363079,8,petit
-1.889268757,1.499611933,0,grand
-1.179625418,1.502644881,0,grand
-1.634990281,1.502989224,0,grand
-0.114773408,1.503061537,0,petit
-0.177838464,1.504317138,0,petit
0.621059854,1.504329653,13,grand
-1.24462033,1.505694667,0,grand
-1.719974975,1.505872754,0,grand
-1.301157389,1.506385436,0,grand
0.489381049,1.507575448,0,grand
0.33293019,1.508349721,0,grand
-0.223805877,1.508602974,0,petit
0.353568375,1.510249946,0,grand
-0.76134204,1.511356627,0,petit
0.558412489,1.51209048,11,grand
0.000233455,1.512273442,0,grand
-0.108642597,1.514428993,0,petit
-0.807898628,1.516015206,0,petit
1.134485713,1.517214298,18,petit
1.587048497,1.51799293,24,petit
0.275613503,1.518029345,0,grand
1.37586203,1.518289964,28,petit
-0.519232704,1.519247569,0,petit
-0.089694026,1.52289598,0,petit
0.430440839,1.52356223,0,grand
-0.411220005,1.524681844,0,petit
-1.619606302,1.525096566,0,grand
-0.124939627,1.525349757,0,grand
1.463452787,1.525516511,18,petit
0.697930663,1.525558971,25,grand
1.085951726,1.525625477,22,petit
-1.664671165,1.525730997,0,grand
-0.260447332,1.52612816,0,petit
-0.230352899,1.52806608,0,petit
1.45302971,1.528280226,12,petit
0.604897432,1.529579181,30,grand
1.29561252,1.529809133,21,petit
1.286439834,1.530733442,18,petit
0.691391702,1.531704414,29,grand
0.317527904,1.532361632,0,grand
-0.99743262,1.532978353,0,grand
1.781538778,1.533600126,12,petit
-1.401336001,1.534422098,0,grand
1.405139574,1.535390395,11,petit
1.000938393,1.535649938,21,petit
1.410695093,1.53625341,23,petit
1.528073176,1.537158026,29,petit
0.361225716,1.537592394,0,grand
-1.806999279,1.538238355,0,grand
1.469968863,1.538555288,29,petit
-0.962616322,1.539006672,0,petit
-1.133660227,1.539232999,0,grand
-0.245768939,1.539700232,0,petit
1.317161038,1.540453438,9,petit
-0.886223818,1.540525655,0,petit
-0.738641764,1.541218966,0,petit
-1.631347399,1.54135512,0,grand
0.860659299,1.541519235,14,petit
0.901432863,1.541645795,17,grand
1.387379666,1.541684501,27,petit
0.343800165,1.542113035,0,grand
-1.511031553,1.543155538,0,grand
-1.555798267,1.544438926,0,grand
0.580572229,1.544626433,25,grand
-0.767906521,1.544669705,0,petit
0.525135505,1.544988349,25,grand
0.105708218,1.545560772,0,grand
-1.297281782,1.547238633,0,grand
1.714018474,1.547718481,23,petit
0.033968191,1.548094822,0,petit
-1.322243877,1.549090718,0,grand
1.191463848,1.549210184,24,grand
-1.488613694,1.550197671,0,grand
0.272936984,1.550732792,0,grand
-1.196619154,1.55091151,0,grand
-1.476088111,1.551072655,0,grand
1.677505313,1.551176473,19,petit
0.321109397,1.551234048,0,grand
1.056652449,1.552835813,25,petit
1.875482191,1.555117256,10,petit
-0.960683312,1.55562111,0,grand
-1.936423584,1.555860014,0,grand
-0.702679726,1.557427246,0,petit
0.36862021,1.558022171,0,grand
0.344199663,1.560111619,0,grand
-0.263224868,1.561369066,0,petit
0.555552166,1.562280589,10,grand
-0.913665013,1.563138087,0,petit
-0.050860252,1.563224314,0,petit
1.410235237,1.563432116,11,petit
-0.226970662,1.563563341,0,petit
-0.679501299,1.563638335,0,petit
1.144394796,1.563823704,25,petit
1.876687489,1.564156204,30,petit
1.293066696,1.566805465,13,petit
-2.082576778,1.567263136,0,grand
-1.563077799,1.567675486,0,grand
0.321062022,1.56773652,0,grand
-0.84334643,1.567824882,0,petit
0.579133767,1.568878801,23,grand
-1.123135964,1.569016943,0,grand
0.842915847,1.569540525,17,grand
0.189590807,1.570255878,0,grand
0.489291265,1.570403674,0,grand
1.866050753,1.570456241,13,petit
1.163494403,1.570749379,25,petit
-1.947569442,1.570808846,0,grand
-0.069042295,1.570881275,0,petit
1.013341566,1.570921575,11,grand
0.562100851,1.570959582,14,grand
0.127172496,1.571177982,0,grand
1.330320009,1.571410855,25,petit
1.762712857,1.572513315,15,petit
0.985909035,1.572628421,11,grand
0.126483728,1.57453363,0,grand
1.850082028,1.575263309,10,petit
0.879123512,1.575265475,24,grand
0.725718472,1.575488086,27,grand
-0.236828708,1.576798636,0,petit
1.704097586,1.577107671,8,petit
-1.864520099,1.577386523,0,grand
1.139276741,1.579078268,26,petit
1.591567023,1.580044476,9,petit
-1.195202273,1.5808629,0,grand
0.936419128,1.581312583,24,grand
1.366093625,1.581396975,30,petit
0.682426362,1.58305564,9,grand
0.797089338,1.583639002,12,grand
-0.347235141,1.583705213,0,petit
-0.242443357,1.584468141,0,petit
-1.303049929,1.584682105,0,grand
0.463812599,1.584863868,0,grand
1.115935785,1.587384556,13,petit
1.969314353,1.587424971,18,petit
1.765330998,1.587772876,28,petit
1.434273878,1.587904523,27,petit
-1.781731764,1.588362307,0,grand
-0.463384277,1.589430687,0,petit
0.734825857,1.58947868,29,grand
-0.289031399,1.589541318,0,petit
0.427284575,1.590046379,0,grand
-0.455232798,1.590854596,0,petit
-0.316425245,1.591039405,0,petit
1.296971402,1.59252257,11,petit
-1.885783592,1.592624067,0,grand
-0.93949086,1.592762568,0,grand
1.292446944,1.593612261,20,petit
1.642392721,1.594074039,22,petit
0.960128193,1.594272934,13,grand
1.715532207,1.594913844,14,petit
0.083852573,1.594937276,0,grand
-1.544477897,1.597518888,0,grand
-0.705692845,1.597672807,0,petit
-1.354843787,1.59822073,0,grand
0.784864897,1.598240981,15,grand
0.297369084,1.598562304,0,grand
-1.714590953,1.600415475,0,grand
-1.15404318,1.600755501,0,grand
-0.298469864,1.600837114,0,petit
-1.644453197,1.601158215,0,grand
-0.464015535,1.60382971,0,petit
-0.673585162,1.604052348,0,petit
-0.762839312,1.604994999,0,petit
-0.736211848,1.6053806,0,petit
-1.530249948,1.605682779,0,grand
0.958579476,1.605766279,24,grand
1.409497305,1.606490403,13,petit
1.790902117,1.606530234,23,petit
1.70210211,1.606727762,15,petit
1.945318878,1.607622226,17,petit
-1.402338525,1.607710798,0,grand
-1.194045487,1.607820597,0,grand
0.74981001,1.608331815,22,grand
2.0606522,1.608685281,10,petit
0.613259378,1.608912291,22,grand
-0.225025423,1.611272518,0,petit
1.046660192,1.612082152,13,grand
-1.67748582,1.612776474,0,grand
1.687711877,1.612981834,21,petit
-0.213854722,1.613083245,0,petit
0.521937853,1.613629488,27,grand
1.287849188,1.61448843,21,petit
-1.641172105,1.614872616,0,grand
-1.022243317,1.617937928,0,grand
1.430602878,1.618340096,28,petit
0.687275713,1.619821314,22,grand
2.105657622,1.620656201,17,petit
-0.180867976,1.621112394,0,petit
-1.036849158,1.621124177,0,petit
0.082220781,1.622028715,0,grand
-1.143658286,1.622046428,0,grand
-1.205932046,1.62217913,0,grand
-0.400729557,1.622398002,0,petit
1.767443241,1.623981877,18,petit
-1.178512428,1.624113406,0,grand
-1.545631751,1.624800818,0,grand
1.601699131,1.624884482,24,petit
0.675631044,1.624912817,25,grand
-0.361015202,1.625041249,0,petit
-1.270261527,1.625052098,0,grand
-0.592948693,1.626303306,0,petit
1.329811741,1.628316129,17,petit
1.886743187,1.629444534,9,petit
1.199490575,1.630188476,11,petit
-0.615707768,1.630300728,0,petit
-0.311543366,1.630332332,0,petit
-1.467398816,1.63100966,0,grand
-0.430208917,1.632506681,0,petit
0.562770378,1.632569617,28,grand
0.932859589,1.634441938,16,grand
0.471648326,1.634682582,0,grand
-2.087509201,1.634731436,0,grand
-0.99791296,1.635891751,0,petit
1.001653638,1.636645768,24,grand
-0.326516133,1.638683598,0,petit
-1.416109008,1.639278931,0,grand
-0.000863979,1.63939539,0,grand
0.624774441,1.64092817,10,grand
1.63473987,1.641543483,19,petit
-1.257725114,1.641917154,0,grand
0.594977587,1.643032751,30,grand
0.712228147,1.643774347,12,grand
1.592070865,1.643837393,29,petit
1.638823994,1.644436893,21,petit
-1.630607401,1.644902104,0,grand
-1.089914104,1.645935222,0,grand
1.07177991,1.646273833,29,petit
-0.203286015,1.646897517,0,petit
-1.022374765,1.648067081,0,grand
1.51540038,1.648891617,22,petit
0.791022454,1.649702482,28,grand
1.273288445,1.651342721,28,petit
1.590482194,1.652427001,17,petit
1.249382578,1.652507912,16,petit
0.914685247,1.652893247,29,grand
-0.015314871,1.653879592,0,petit
-0.594047491,1.654478149,0,petit
-0.17449978,1.656911258,0,petit
1.245921436,1.657227622,24,petit
-0.20017943,1.658871889,0,petit
-0.281734129,1.659344223,0,petit
0.15637913,1.660779687,0,grand
-0.774161872,1.660802162,0,petit
-0.116493047,1.661659253,0,petit
-0.614235499,1.662145722,0,petit
0.079989569,1.664776182,0,grand
-0.238052845,1.664894416,0,petit
-0.903671909,1.665620954,0,grand
-0.854386541,1.666856776,0,petit
0.69633762,1.667853855,14,grand
-0.438022675,1.669124661,0,petit
-1.184468885,1.66936889,0,grand
0.786906575,1.669495226,12,grand
0.052547408,1.669538996,0,grand
1.773291303,1.670157997,17,petit
1.08324042,1.670219377,24,petit
1.515216762,1.670814196,13,petit
0.45898341,1.671570912,0,grand
1.240164868,1.672469535,19,petit
-1.16234365,1.67423677,0,grand
1.097792018,1.674909414,21,petit
0.581524363,1.67709396,25,grand
0.32057205,1.677108155,0,grand
-1.676039756,1.677528823,0,grand
-0.21329545,1.678310542,0,petit
-0.054816126,1.678637127,0,petit
-0.55083238,1.679439793,0,petit
0.096841799,1.679463279,0,grand
-0.147732408,1.679609016,0,petit
-0.425281713,1.679740133,0,petit
0.043366411,1.680166037,0,grand
-1.07062918,1.681588021,0,petit
1.110285607,1.681954223,17,petit
-1.038088535,1.683995961,0,grand
-1.695235776,1.684461352,0,grand
-0.44235283,1.68510109,0,petit
1.571870576,1.686389949,30,petit
-1.582232794,1.686539892,0,grand
0.591326311,1.686793047,29,grand
2.173583078,1.687016206,24,petit
0.74585206,1.687085688,11,grand
-0.985264554,1.687718905,0,petit
1.395285952,1.687972625,18,petit
-2.013831562,1.688477539,0,grand
0.29801709,1.689219229,0,grand
1.315669249,1.690051918,24,petit
0.828012171,1.690516009,16,grand
-0.486814704,1.690522067,0,petit
-0.155706364,1.690990583,0,petit
1.228571932,1.691554659,14,petit
1.327694678,1.69190455,24,petit
0.489938471,1.691924225,0,grand
1.663894196,1.692407016,16,petit
0.28787587,1.692864953,0,grand
2.000357008,1.693582088,19,petit
0.068566017,1.693613243,0,grand
0.30203824,1.69389958,0,grand
-0.560582215,1.695787753,0,petit
-1.761366004,1.697102016,0,grand
1.380993952,1.697135589,9,petit
-0.63533257,1.698539783,0,petit
1.137094557,1.698686573,29,petit
1.37599097,1.69902968,20,petit
-0.255262184,1.70028097,0,petit
1.509353349,1.700583199,10,petit
0.103565169,1.700727784,0,grand
-0.752156941,1.70078049,0,petit
1.72121254,1.702107602,29,petit
0.538759865,1.702529888,25,grand
-1.419013327,1.702830743,0,grand
0.544598296,1.702851984,23,grand
-1.406789747,1.703514577,0,grand
-0.659332291,1.703536015,0,petit
-0.088278007,1.704019144,0,grand
1.077137515,1.705923266,13,petit
-1.027914255,1.706338834,0,petit
-0.725120106,1.707873257,0,petit
-1.902290271,1.708222869,0,grand
1.205567005,1.709364745,18,petit
-0.030077618,1.710354127,0,petit
1.067602775,1.71142292,26,petit
-0.16302647,1.711810608,0,grand
-1.643267802,1.714570652,0,grand
-0.376729291,1.714588667,0,petit
-1.400328645,1.714631938,0,grand
0.742772449,1.715088121,11,grand
-1.558841931,1.717100086,0,grand
-1.887920215,1.717444335,0,grand
-1.881140504,1.718843584,0,grand
-0.880836235,1.719150536,0,petit
1.453669245,1.720509821,15,petit
-1.880517032,1.72122338,0,grand
-0.579933892,1.722381068,0,petit
1.924388398,1.722824405,22,petit
-0.406585378,1.723710814,0,petit
-1.371201769,1.72375438,0,grand
-2.065794767,1.72412721,0,grand
-1.624043072,1.724601536,0,grand
0.103569082,1.724831236,0,grand
-0.901558969,1.725439349,0,petit
-0.914526445,1.727001996,0,petit
1.859189333,1.727211505,10,petit
1.679943959,1.727536333,9,petit
-1.854419023,1.729893619,0,grand
1.539700617,1.730291217,24,petit
0.9142723,1.730329474,26,grand
0.206428412,1.731386872,0,grand
-0.101538657,1.731704292,0,petit
-1.696729302,1.731758477,0,grand
-0.511447603,1.732249893,0,petit
-0.593434511,1.732944379,0,petit
0.58154926,1.733509934,8,grand
0.517299191,1.733992292,24,grand
1.689482042,1.734858796,11,petit
-0.44293358,1.734960602,0,petit
-1.947846593,1.736153462,0,grand
-0.628883449,1.736924919,0,petit
1.88575315,1.737119115,13,petit
1.02105104,1.737242997,8,petit
-1.781809119,1.738389941,0,grand
-0.639387381,1.740163707,0,petit
-1.168357758,1.740683833,0,grand
1.330420334,1.740710879,24,petit
0.07446078,1.74081896,0,grand
0.518100264,1.74083173,14,grand
-0.138355414,1.741900724,0,petit
1.848594841,1.744309471,11,petit
-1.706335067,1.744591219,0,grand
-0.548549921,1.744976678,0,petit
-1.379489855,1.747375195,0,grand
-0.59980224,1.747723425,0,petit
-1.243565447,1.748038344,0,grand
-0.667875338,1.750920696,0,petit
0.478677503,1.751064084,0,grand
0.880537168,1.751234038,20,grand
0.271871408,1.751685925,0,grand
1.652405101,1.752066894,15,petit
1.493007679,1.752837096,9,petit
0.670577502,1.753136212,21,grand
-0.852971563,1.753377508,0,petit
-1.187706533,1.753497391,0,petit
-1.200255363,1.755216796,0,grand
1.224255489,1.755419501,13,petit
1.906060534,1.755426235,21,petit
-0.495636111,1.75583632,0,petit
-0.887821238,1.757142258,0,petit
-0.27136164,1.757896243,0,petit
-1.033765425,1.758688561,0,petit
-0.151718965,1.758993491,0,petit
-1.796075444,1.759515074,0,grand
0.545371047,1.760165242,15,grand
-1.473398415,1.761638352,0,grand
-1.391522054,1.76186475,0,grand
-1.491835843,1.761866509,0,grand
-1.022368148,1.763127564,0,petit
-1.352083785,1.763491262,0,grand
0.110258135,1.763653899,0,petit
-1.676723079,1.765130205,0,grand
1.236338727,1.766104721,20,petit
1.689199087,1.76634278,15,petit
1.533542874,1.768715508,14,petit
1.066219157,1.769092412,27,petit
0.027460204,1.769826356,0,grand
1.036844443,1.769932078,9,petit
0.690704379,1.772165118,19,grand
-1.948979861,1.772293299,0,grand
-1.325504781,1.772457282,0,grand
1.715283145,1.773017305,27,petit
1.999963717,1.774208383,14,petit
1.221864184,1.774404322,12,petit
-1.316120577,1.774441393,0,grand
0.216160549,1.774714153,0,grand
-1.939265804,1.774993565,0,grand
-1.626845511,1.775694994,0,grand
0.615453858,1.776031459,18,grand
0.161467429,1.776603699,0,grand
1.003685219,1.77674199,29,petit
1.501565009,1.776951223,16,petit
1.501247756,1.777671046,10,petit
0.380870645,1.778810827,0,grand
-0.410265436,1.779234734,0,petit
0.873545399,1.779697556,24,grand
-0.057448883,1.779814443,0,petit
-1.618238774,1.780310616,0,grand
-1.224977963,1.78062834,0,grand
0.123071072,1.780873477,0,grand
1.145810708,1.781004334,14,petit
0.778839007,1.781276434,9,grand
1.009712002,1.781342393,19,petit
0.469445941,1.781683591,0,grand
-0.904616405,1.782308705,0,petit
-1.781505205,1.782405187,0,grand
0.283939323,1.784353922,0,grand
-0.167659313,1.784656554,0,petit
-1.590676116,1.786200062,0,grand
-1.762884155,1.786605961,0,grand
-0.474297519,1.789567664,0,petit
0.969106697,1.791247517,18,grand
-2.193142459,1.79151756,0,grand
1.410562464,1.792641862,23,petit
1.897155976,1.792770195,28,petit
1.512642747,1.793058944,18,petit
-1.813256465,1.793797189,0,grand
1.449279618,1.794796077,23,petit
-0.940587827,1.796144678,0,petit
0.300647202,1.796527224,0,grand
-1.835783075,1.796676515,0,grand
-0.432044633,1.79782267,0,petit
-0.185961466,1.798138836,0,petit
-1.334765296,1.800199028,0,grand
-0.190518646,1.800933744,0,petit
0.803378584,1.801009919,24,grand
-0.789476157,1.801158166,0,petit
-0.075914143,1.801190973,0,grand
1.216078187,1.802209287,18,petit
2.060665686,1.802349319,29,petit
1.511136686,1.803466293,30,petit
1.136028817,1.804211013,21,petit
-1.472316138,1.80431955,0,grand
1.7242343,1.804650572,21,petit
0.991928757,1.804966609,24,petit
-0.031693866,1.805149702,0,petit
0.149756403,1.805312789,0,grand
-1.259674104,1.80631384,0,grand
-1.909754405,1.806752346,0,grand
-1.615499164,1.807855174,0,grand
-1.122770775,1.807946086,0,grand
0.894995299,1.808063792,16,grand
1.784966194,1.808086808,15,petit
-1.233611611,1.809430251,0,grand
1.078631594,1.80960665,27,grand
-0.170909404,1.809934747,0,petit
1.4832585,1.810834298,23,petit
1.647856939,1.812842035,28,petit
0.758922006,1.814270132,30,grand
-0.04908229,1.814543409,0,grand
-0.394293182,1.814969791,0,petit
-0.956799917,1.814991388,0,grand
-0.476000951,1.815735037,0,petit
-1.355301563,1.815870668,0,grand
-1.976398694,1.815997366,0,grand
1.809185249,1.816833008,29,petit
1.628777782,1.817003799,24,petit
1.126918524,1.817200239,18,petit
-1.740078609,1.817222509,0,grand
0.193128035,1.817485744,0,grand
-1.617326908,1.817592586,0,grand
1.00179569,1.817733688,17,petit
1.09754786,1.81817255,15,petit
1.376777588,1.818553229,13,petit
-1.365083978,1.818611359,0,grand
0.710897709,1.819336122,24,grand
1.857103503,1.819542472,25,petit
0.599733373,1.819967945,25,grand
0.611164854,1.822779547,26,grand
-0.330746045,1.823984228,0,petit
-0.91240855,1.82517103,0,petit
-0.453299639,1.826453336,0,petit
-1.665911543,1.826520212,0,grand
-0.409917008,1.826565106,0,petit
-0.254345618,1.826580214,0,petit
-0.187301165,1.826868253,0,petit
0.624241568,1.826963854,29,grand
-1.693189796,1.828147496,0,grand
-1.173564187,1.828494058,0,grand
-1.192372491,1.828602315,0,grand
1.221371425,1.828723581,8,petit
-0.470777447,1.829045862,0,petit
-1.3929936,1.829319819,0,grand
-1.818854601,1.829739842,0,grand
-0.083219801,1.829896562,0,petit
0.294070465,1.830027137,0,grand
-1.208978387,1.830453614,0,grand
0.912316359,1.831379954,10,grand
-1.788761998,1.831656018,0,grand
-1.408682747,1.831772601,0,grand
0.699413919,1.831830448,28,grand
-1.938072592,1.832153745,0,grand
-1.400678458,1.8330944,0,grand
-0.313796275,1.833496142,0,petit
-0.586922281,1.834475113,0,petit
-0.844726784,1.834542059,0,petit
-1.339937469,1.834593246,0,grand
-1.098144523,1.835438377,0,petit
-1.264404435,1.836586486,0,grand
0.463089249,1.83686054,0,grand
-1.263865532,1.837042623,0,grand
0.733480739,1.837488667,23,grand
1.08562026,1.838914691,11,petit
-0.128054724,1.839329964,0,petit
1.389074648,1.839399236,8,petit
-1.259629413,1.839523301,0,grand
-1.682336451,1.840902742,0,grand
-1.89192689,1.841203373,0,grand
-0.584821725,1.841205507,0,petit
1.934081115,1.84224809,28,petit
-0.910199672,1.843938569,0,petit
0.53180511,1.844233577,10,grand
-0.605855169,1.845646186,0,petit
-1.726651511,1.84716814,0,grand
1.736994258,1.847461983,19,petit
-0.828583461,1.84821647,0,petit
0.518559972,1.848452063,8,grand
1.062423736,1.848585276,16,grand
-1.232546622,1.850933627,0,grand
0.784974416,1.850982531,20,grand
1.724826707,1.851024752,27,petit
1.825780123,1.851289507,29,petit
-0.399906259,1.851295734,0,petit
-0.652925656,1.851633419,0,petit
0.968755077,1.851689903,13,grand
1.966332366,1.851793249,24,petit
-0.925975335,1.851946706,0,petit
1.29420316,1.8523315,30,petit
-0.697508341,1.852333351,0,petit
-0.117500011,1.85278919,0,petit
-1.386072957,1.85309356,0,grand
-0.76217639,1.853159208,0,petit
-0.148686435,1.853303862,0,petit
0.855004037,1.853774587,26,grand
-1.844385804,1.85598968,0,grand
-0.066119802,1.857115096,0,petit
1.855446268,1.857320465,23,petit
-1.166562572,1.857414854,0,grand
1.340892,1.857563168,20,petit
-0.122751022,1.857642908,0,petit
-0.10794609,1.859980129,0,petit
0.07577083,1.860189168,0,grand
0.784208626,1.860455867,14,grand
0.500886537,1.86123805,14,grand
0.328398017,1.864097126,0,grand
-1.034584993,1.864435148,0,petit
-0.125497388,1.865348387,0,petit
0.195189954,1.865939288,0,grand
1.298868106,1.866183887,16,petit
-0.942484863,1.866248831,0,petit
-1.173127459,1.866793621,0,grand
-1.698759285,1.867520654,0,grand
-0.117600047,1.86793969,0,petit
-0.442759915,1.868023922,0,petit
1.159467444,1.868812924,21,petit
-0.526579935,1.87105105,0,petit
1.669599096,1.871331924,20,petit
-0.284795849,1.871509794,0,petit
-1.736908443,1.872281437,0,grand
-0.190641087,1.873185971,0,petit
-1.420343885,1.873357853,0,grand
1.521163538,1.873578527,29,petit
1.097607627,1.874208541,22,petit
0.805293726,1.875763826,17,grand
1.654404907,1.87589221,23,petit
1.791869467,1.877770782,9,petit
1.307727999,1.878861377,27,petit
0.742656468,1.879054485,14,grand
0.599333968,1.879469722,19,grand
-1.095337711,1.880131371,0,grand
1.88619104,1.880241675,27,petit
-1.563364459,1.881548057,0,grand
0.178998192,1.881571408,0,grand
-1.325099583,1.882612043,0,grand
-1.33907767,1.883071603,0,grand
-0.8679241,1.88322527,0,petit
0.752384168,1.883615801,21,grand
2.032001758,1.8854849,15,petit
1.565531945,1.886542748,22,petit
-1.920946611,1.886687236,0,grand
0.050183,1.888336428,0,grand
1.020323637,1.889386386,12,grand
1.167163667,1.890078025,20,petit
1.766160266,1.890089056,12,petit
-1.062892926,1.890412167,0,grand
0.755058382,1.891081149,30,grand
-0.170254236,1.891117126,0,petit
1.335379721,1.892236737,24,petit
-1.341248604,1.893454625,0,grand
-0.109894936,1.893981342,0,petit
1.809385612,1.894697012,18,petit
-1.873479213,1.895223121,0,grand
0.106197614,1.895626789,0,grand
-1.011779061,1.898200918,0,grand
1.196268273,1.898612431,11,petit
-1.311116187,1.900781695,0,grand
1.885588723,1.900838167,8,petit
1.715713052,1.900876893,15,petit
-0.6986049,1.901883774,0,petit
-0.928289355,1.902444961,0,petit
1.153956551,1.902722681,8,petit
1.559103653,1.904258635,20,petit
-1.255557091,1.905963724,0,grand
1.750548994,1.906671189,17,petit
0.001262644,1.906807149,0,grand
1.137431823,1.908351514,29,petit
0.630975718,1.910227864,27,grand
-1.809907083,1.911129749,0,grand
-1.706590997,1.911433961,0,grand
1.942497057,1.911794526,23,petit
-1.834392923,1.912777024,0,grand
-1.393707482,1.913348107,0,grand
-0.149647234,1.914672649,0,petit
-1.18502895,1.914914968,0,grand
-1.726974316,1.915153435,0,grand
0.307541086,1.915867411,0,grand
1.21981932,1.916070254,24,petit
1.365147053,1.916091555,15,petit
1.076260641,1.91650284,23,petit
0.162486298,1.916839403,0,grand
-1.819165359,1.918466021,0,grand
-0.095223499,1.919198066,0,petit
1.792940412,1.920635008,16,petit
1.162572694,1.92079847,19,petit
-1.32004216,1.92094856,0,grand
0.272543898,1.922069543,0,grand
0.032718212,1.922687886,0,grand
-1.677282924,1.92344345,0,grand
-0.395184439,1.923507193,0,petit
-0.100457983,1.924119854,0,petit
-0.043398052,1.925431069,0,petit
1.912721069,1.926452251,10,petit
1.845862389,1.928889243,30,petit
-1.964477365,1.928890961,0,grand
1.166073087,1.929309557,9,petit
-2.174867976,1.929563865,0,grand
1.45517447,1.930563512,10,petit
0.862080885,1.930616345,24,grand
1.702888645,1.933226386,19,petit
0.422562139,1.933406483,0,grand
1.38425517,1.934061023,15,petit
0.271556245,1.9343744,0,grand
-0.025921367,1.934741393,0,petit
1.853085824,1.935679994,10,petit
0.25183484,1.935883263,0,grand
1.520610542,1.93621152,23,petit
-0.943108108,1.936907517,0,grand
-1.907277505,1.938190626,0,grand
1.602477473,1.938284973,20,petit
-1.233358341,1.93845159,0,grand
-1.152076346,1.938838628,0,grand
-0.429800134,1.939506135,0,petit
0.844288767,1.941850274,23,grand
-0.086865118,1.945040358,0,grand
-0.303924632,1.946019567,0,petit
1.856884964,1.947985679,9,petit
0.524139389,1.950994462,8,grand
-0.415135178,1.952090198,0,petit
0.731170558,1.952972223,10,grand
-1.707713325,1.953655046,0,grand
1.784918369,1.954342267,23,petit
2.108659869,1.954435829,28,petit
1.290199265,1.955201266,12,petit
1.784334734,1.956209013,14,petit
-1.70837126,1.956311102,0,grand
0.646995999,1.956431189,24,grand
-1.551816174,1.95643594,0,grand
0.827305195,1.957347255,15,grand
0.368844779,1.957398296,0,grand
0.127081193,1.958453786,0,petit
1.058409815,1.961662102,23,petit
0.198568931,1.961849349,0,petit
0.067308282,1.962580388,0,petit
0.038635293,1.962903575,0,grand
0.136697152,1.964148351,0,petit
1.470179324,1.964871134,30,petit
-1.551713857,1.965217384,0,grand
0.410457476,1.966628,0,grand
-1.96749064,1.969163682,0,grand
1.396236342,1.970187624,26,petit
-1.437925714,1.970230187,0,grand
0.285311415,1.97071329,0,grand
-1.455396346,1.971549463,0,grand
1.103207563,1.972752366,9,petit
-1.667852688,1.973945013,0,grand
-1.155136086,1.974525548,0,grand
-0.501296925,1.974601827,0,petit
1.916859484,1.974695741,30,petit
-0.210950238,1.974735718,0,petit
-1.723397542,1.975201497,0,grand
1.376544926,1.975607692,22,petit
-0.27447609,1.976117344,0,petit
-1.56917568,1.979425044,0,grand
1.123268991,1.984975875,19,petit
1.016614196,1.985815387,29,petit
-1.201101403,1.986941396,0,grand
0.39441856,1.987361186,0,grand
1.400382163,1.987784671,21,petit
-0.232582285,1.987812661,0,petit
1.496279835,1.988411382,11,petit
-0.832997059,1.989248074,0,petit
1.123573127,1.990259647,27,petit
1.082064917,1.990814959,16,petit
1.085240308,1.993130312,21,petit
-1.800214559,1.995299606,0,grand
-0.836060703,1.996634532,0,petit
0.405266313,1.997035462,0,grand
-0.005024825,1.997687246,0,grand
-1.517467019,1.998200162,0,grand
-0.539701592,1.998841691,0,petit
0.696625254,2.000392159,22,grand
0.631408635,2.001827207,11,grand
1.837953909,2.004723438,13,petit
0.61112929,2.005050838,25,grand
-0.161450775,2.005474672,0,petit
0.137263402,2.008470821,0,grand
-1.436995989,2.009252978,0,grand
-1.396176282,2.011130044,0,grand
0.427855312,2.013155339,0,grand
0.122411379,2.013169731,0,grand
0.353928278,2.017328478,0,grand
1.014688701,2.020159115,9,petit
0.717088384,2.021495244,16,grand
-0.925112204,2.022236389,0,petit
0.789746302,2.022985292,24,grand
-1.18419661,2.024660296,0,grand
0.595946958,2.024862339,16,grand
-1.391604444,2.026833566,0,grand
0.936982927,2.029584967,27,grand
-0.13290278,2.030162755,0,petit
-1.173525631,2.03400764,0,grand
-1.290624754,2.034031149,0,grand
-1.804973156,2.036326934,0,grand
-1.853913976,2.041544787,0,grand
2.002062935,2.046058908,27,petit
1.857851916,2.049539329,18,petit
-0.243793945,2.057457543,0,petit
-0.034904916,2.05891947,0,grand
-0.787508182,2.059041788,0,petit
1.258642809,2.060714936,16,petit
0.201876097,2.067352751,0,grand
-0.950201679,2.073817388,0,petit
1.048237088,2.073915432,21,petit
1.317331867,2.076054054,10,petit
-0.587120151,2.082229681,0,petit
-0.837353035,2.082766509,0,petit
1.441873984,2.08693945,12,petit
1.893380464,2.090616541,17,petit
0.315598412,2.093510127,0,grand
-0.310901886,2.096030092,0,petit
0.267314314,2.108714033,0,grand
0.965923847,2.114655855,10,grand
-0.558706008,2.115647001,0,petit
-0.705870358,2.155907508,0,petit
-1.419858968,2.202217133,0,grand
-0.753469628,2.208994779,0,petit
